lemma,inferred,segmentation,member1,member1_category,member1_subcategory,member2,member2_category,member2_subcategory,analysis_count,member_count
ἀάατος,0,ἀ+άατος,ἀ/ἀν,d,,ἀάω,v,thematic,1,2
ἄαπτος,0,ἄ+απτος,ἀ/ἀν,d,,ἅπτομαι,v,thematic,1,2
ἀβάρβαρος,1,ἀ+βάρβαρος,ἀ/ἀν,d,,βάρβαρος,a,thematic,1,2
ἀβλήτος,0,ἀ+βλήτος,ἀ/ἀν,d,,βάλλω,v,thematic,1,2
ἄβρομος,0,ἄ+βρομος,ἀ/ἀν,d,,βρέμω,v,thematic,1,2
ἀγάκλειτος,0,ἀγά+κλειτος,ἀγα-,d,,κλέω,v,thematic,1,2
ἀγακλῆς,0,ἀγα+κλῆς,ἀγα-,d,,κλέος,n,s-stem,2,2
ἀγακλῆς,0,ἀγα+κλῆς,ἀγα-,d,,κλέω,v,thematic,2,2
ἀγακλυτός,0,ἀγα+κλυτός,ἀγα-,d,,κλυτός,a,thematic,1,2
Ἀγαμέμνων,0,Ἀγα+μέμνων,ἀγα-,d,,μένω,v,thematic,1,2
Ἀγαμήδης,0,Ἀγα+μήδης,ἀγα-,d,,μήδομαι,v,athematic,1,2
ἄγαμος,0,ἄ+γαμος,ἀ/ἀν,d,,γάμος,n,thematic,1,2
ἀγάννιφος,0,ἀγά+ννιφος,ἀγα-,d,,νίφα,n,C-stem,1,2
ἀγανόφρων,0,ἀγανό+φρων,ἀγανός,a,thematic,φρήν,n,n-stem,1,2
Ἀγαπήνωρ,0,Ἀγα+πήνωρ,ἀγαπάω,v,thematic,ἀνήρ,n,r-stem,1,2
ἀγάρροος,0,ἀγά+ρροος,ἀγα-,d,,ῥέω,v,thematic,1,2
Ἀγασθένης ,1,Ἀγα+σθένης ,ἀγα-,d,,σθένος,n,s-stem,1,2
Ἀγασθένης ,1,Ἀγα+σθένης ,ἀγα-,d,,σθένω,v,thematic,1,2
Ἀγάστροφος,0,Ἀγά+στροφος,ἀγα-,d,,στρέφω,v,thematic,1,2
Ἀγέλαος,0,Ἀγέ+λαος,ἄγω,v,thematic,λαός,n,thematic,1,2
ἀγήρως,0,ἀ+γήρως,ἀ/ἀν,d,,γῆρας,n,s-stem,1,2
ἀγκυλομήτης,0,ἀγκυλο+μήτης,ἀγκύλος,a,thematic,μήτις?,n,i-stem,1,2
ἀγκυλότοξος,0,ἀγκυλό+τοξος,ἀγκύλος,a,thematic,τόξον,n,thematic,1,2
ἀγκυλοχείλης,0,ἀγκυλο+χείλης,ἀγκύλος,a,thematic,χεῖλος,n,s-stem,1,2
ἄγονος,0,ἄ+γονος,ἀ/ἀν,d,,γίγνομαι,v,thematic,1,2
ἀγχέμαχος,0,ἀγχέ+μαχος,ἄγχι,d,,μάχομαι,v,thematic,1,2
ἀγχίαλος,0,ἀγχί+αλος,ἄγχι,d,,ἅλς,n,l-stem,1,2
ἀγχιμαχητής,0,ἀγχι+μαχητής,ἄγχι,d,,μαχητής,n,-ā/a,1,2
ἀγχίμολος,0,ἀγχί+μολος,ἄγχι ,d,,βλώσκω,v,thematic,1,2
ἀδαήμων,0,ἀ+δαήμων,ἀ/ἀν,d,,δαήμων,a,n-stem,1,2
ἀδαήμων,0,ἀ+δαήμων,ἀ/ἀν,d,,δαῆναι,v,athematic,1,2
ἀδάκρυτος,0,ἀ+δάκρυτος,ἀ/ἀν,d,,δάκρυ,n,u-stem,1,2
Ἀδάμας,0,Ἀ+δάμας,ἀ/ἀν,d,,δαμάζω,v,thematic,1,2
ἀδάμαστος,0,ἀ+δάμαστος,ἀ/ἀν,d,,δαμάζω,v,thematic,1,2
ἀδεής,0,ἀ+δεής,ἀ/ἀν,d,,δείδω,v,thematic,1,2
ἀδήριτος,0,ἀ+δήριτος,ἀ/ἀν,d,,δηρίω?,v,thematic,1,2
ἀδμήτης,0,ἀ+δμήτης,ἀ/ἀν,d,,δαμάζω,v,thematic,1,2
Ἄδμητος,0,Ἄ+δμητος,ἀ/ἀν,d,,δαμάζω,v,thematic,1,2
Ἄδρηστος,0,Ἄ+δρηστος,ἀ/ἀν,d,,δράω,v,thematic,1,2
ἄδυτος,0,ἄ+δυτος,ἀ/ἀν,d,,δύω,v,thematic,1,2
ἀεικής,0,ἀ+εικής,ἀ/ἀν,d,,εἰκός,n,C-stem,2,2
ἀεικής,0,ἀ+εικής,ἀ/ἀν,d,,ἔοικα,v,?,2,2
ἀεκήλιος,0,ἀ+εκήλιος,ἀ/ἀν,d,,εἴκελος,a,thematic,1,2
ἀέκων,0,ἀ+έκων,ἀ/ἀν,d,,ἕκων,a,n-stem,1,2
ἀελλόπος,0,ἀελλό+πος,ἄελλα,n,-ā/a,ποῦς,n,C-stem,1,2
ἀεργός,0,ἀ+εργός,ἀ/ἀν,d,,ἔργω,v,thematic,1,2
ἀερσίπους,0,ἀερσί+πους,ἀείρω,v,thematic,ποῦς,n,C-stem,1,2
ἀερσίποῦς,0,ἀερσί+ποῦς,ἀείρω,v,thematic,ποῦς,n,C-stem,1,2
ἀθάνατος,0,ἀ+θάνατος,ἀ/ἀν,d,,θάνατος,n,thematic,1,2
ἄθαπτος,0,ἄ+θαπτος,ἀ/ἀν,d,,θάπτω,v,thematic,1,2
ἀθέμιστος,0,ἀ+θέμιστος,ἀ/ἀν,d,,θέμις,n,i-stem,1,2
ἀθέσφατος,0,ἀ+θέσφατος,ἀ/ἀν,d,,θέσφατος,a,thematic,1,2
ἀθλοφόρος,0,ἀθλο+φόρος,ἆθλον,n,thematic,φέρω,v,thematic,1,2
αἰγίλιψ,0,αἰγί+λιψ,αἴξ?,n,C-stem,λείπω?,v,thematic,1,2
αἰγίοχος,0,αἰγί+οχος,αἰγίς,n,C-stem,ἔχω,v,thematic,1,2
ἀΐδηλον,0,ἀ+ΐδηλον,ἀ/ἀν,d,,οἶδα,v,athematic,1,2
ἀΐδρις,0,ἀ+ΐδρις,ἀ/ἀν,d,,ἵδρις,n,i-stem,1,2
αἰειγενετής,0,αἰει+γενετής,αἰεί,d,,γίγνομαι,v,thematic,1,2
αἶθοψ,0,αἶθ+οψ,αἰθός,a,thematic,ὄψ,n,C-stem,1,2
αἰθρηγενής,0,αἰθρη+γενής,αἰθήρ,n,r-stem,γίγνομαι,v,thematic,1,2
αἰνόμορος,0,αἰνό+μορος,αἰνός,a,thematic,μείρομαι,v,thematic,1,2
αἰολοθώρηξ,0,αἰολο+θώρηξ,αἰόλος,a,thematic,θώρηξ,n,C-stem,1,2
αἰολομίτρης,0,αἰολο+μίτρης,αἰόλος,a,thematic,μίτρα,n,-ā/a,1,2
αἰολόπωλος,0,αἰολό+πωλος,αἰόλος,a,thematic,πῶλος,n,thematic,1,2
αἴπολος,0,αἴ+πολος,αἴξ,n,C-stem,πέλω,v,thematic,1,2
ἄϊστος,0,ἄ+ϊστος,ἀ/ἀν,d,,οἶδα,v,athematic,1,2
ἀκάκης,1,ἀ+κάκης,ἀ/ἀν,d,,κακός,a,thematic,1,2
ἀκαλαρρείτης,0,ἀκαλα+ρρείτης,ἀκαλός,a,thematic,ῥέω,v,thematic,1,2
Ἀκάμας ,0,Ἀ+κάμας ,ἀ/ἀν,d,,κάμνω,v,thematic,1,2
ἀκάματος,0,ἀ+κάματος,ἀ/ἀν,d,,κάμνω,v,thematic,1,2
ἀκήδεστοι,0,ἀ+κήδεστοι,ἀ/ἀν,d,,κῆδος,n,s-stem,1,2
ἀκήδεστος,0,ἀ+κήδεστος,ἀ/ἀν,d,,κήδω,v,thematic,1,2
ἀκηδής,0,ἀ+κηδής,ἀ/ἀν,d,,κῆδος,n,s-stem,1,2
ἀκήρατος,0,ἀ+κήρατος,ἀ/ἀν,d,,κηραίνω,v,thematic,1,2
ἀκήριος,0,ἀ+κήριος,ἀ/ἀν,d,,Κῆρες,n,r-stem,1,2
ἄκλαυτος,0,ἄ+κλαυτος,ἀ/ἀν,d,,κλαίω,v,thematic,1,2
ἀκλεής,0,ἀ+κλεής,ἀ/ἀν,d,,κλέος,n,s-stem,2,2
ἀκλεής,0,ἀ+κλεής,ἀ/ἀν,d,,κλέω,v,thematic,2,2
ἀκμής,0,ἀ+κμής,ἀ/ἀν,d,,κάμνω,v,thematic,1,2
ἀκμόθετος,0,ἀκμό+θετος,ἄκμων?,n,n-stem,τίθημι,v,athematic,1,2
ἄκοιτις,0,ἄ+κοιτις,ἀ/ἀν,d,,κοιτίς/κοῖτος,n,thematic,1,2
ἀκόρητος,0,ἀ+κόρητος,ἀ/ἀν,d,,κορέννυμι,v,athematic,1,2
ἄκοσμος,0,ἄ+κοσμος,ἀ/ἀν,d,,κόσμος,n,thematic,1,2
ἀκράαντος,0,ἀ+κράαντος,ἀ/ἀν,d,,κραιαίνω,v,thematic,1,2
ἄκρητος,0,ἄ+κρητος,ἀ/ἀν,d,,κεράννυμι,v,athematic,1,2
ἀκριτόμυθος,0,ἀκριτό+μυθος,ἄκριτος,a,thematic,μῦθος,n,thematic,1,3
ἄκριτος,0,ἄ+κριτος,ἀ/ἀν,d,,κρίνω,v,thematic,1,2
ἀκριτόφυλλον,0,ἀκριτό+φυλλον,ἄκριτος,a,thematic,φύλλον,n,thematic,1,3
ἀκρόκομος,0,ἀκρό+κομος,ἄκρος,n,thematic,κόμη,n,-ā/a,1,2
ἀκροπόλος,0,ἀκρο+πόλος,ἄκρος,a,thematic,πέλω,v,thematic,1,2
ἀκτήμων,0,ἀ+κτήμων,ἀ/ἀν,d,,κτάομαι,v,thematic,1,2
ἀλαόσκοπος,1,ἀλαό+σκοπος,ἀλαός,a,thematic,σκέπτομαι,v,thematic,1,2
Ἀλεγήνωρ,1,Ἀλεγ+ήνωρ,ἀλέγω,v,thematic,ἀνήρ,n,r-stem,1,2
Ἀλέξανδρος,0,Ἀλέξ+ανδρος,ἀλέξω,v,thematic,ἀνήρ,n,r-stem,1,2
ἀλεξίκακος,0,ἀλεξί+κακος,ἀλέξω/ἀλέκω,v,thematic,κακόν,n,thematic,1,2
ἀλήϊος,0,ἀ+λήϊος,ἀ/ἀν,d,,λήϊον,n,thematic,1,2
ἄληκτος,0,ἄ+ληκτος,ἀ/ἀν,d,,λήγω,v,thematic,1,2
Ἁλίαρτος,0,Ἁλί+αρτος,ἅλς,n,l-stem,ἀραρίσκω,v,thematic,1,2
ἀλίαστος,0,ἀ+λίαστος,ἀ/ἀν,d,,λιάζομαι,v,thematic,1,2
Ἁλίζωνος,0,Ἁλί+ζωνος,ἅλς,n,l-stem,ζώνη,n,-ā/a,1,2
ἁλιμυρηέντων,0,ἁλι+μυρηέντων,ἅλς,n,l-stem,μύρομαι,v,thematic,1,2
ἁλίπλοος,0,ἁλί+πλοος,ἅλς,n,l-stem,πλεύω,v,thematic,1,2
Ἀλκάθοος,0,Ἀλκά+θοος,ἀλκή?,n,-ā/a,θέω,v,thematic,1,2
Ἄλκανδρος,0,Ἄλκ+ανδρος,ἀλκή,n,-ā/a,ἀνήρ,n,r-stem,1,2
Ἀλκιμέδων,0,Ἀλκι+μέδων,ἀλκή,n,-ā/a,μέδω,v,thematic,1,2
ἄλλοφος,0,ἄ+λλοφος,ἀ/ἀν,d,,λόφος,n,thematic,1,2
ἄλυτος,0,ἄ+λυτος,ἀ/ἀν,d,,λύω,v,thematic,1,2
ἀλφεσίβοιος,0,ἀλφεσί+βοιος,ἀλφάνω,v,thematic,βοῦς,n,u-stem,1,2
ἀμαλλοδετήρ,0,ἀμαλλο+δετήρ,ἄμαλλα,n,-ā/a,δέω,v,thematic,1,2
ἁματροχός,1,ἁμα+τροχός,ἅμα,d,,τρέχω,v,thematic,2,2
ἁματροχός,1,ἁ[ρ]μα+τροχός,ἅρμα,n,n-stem,τρέχω,v,thematic,2,2
ἀμαχητί,0,ἀ+μαχητί,ἀ/ἀν,d,,μάχη,n,-ā/a,1,2
ἀμβατός,0,ἀμ+βατός,ἀνά,r,,βαίνω,v,thematic,1,2
ἀμβλήδην,0,ἀμ+βλήδην,ἀνά,r,,βάλλω,v,thematic,1,2
ἀμβολος,1,ἀμ+βολος,ἀνά,r,,βάλλω,v,thematic,1,2
ἄμβροτος,0,ἄ+μβροτος,ἀ/ἀν,d,,βροτός,n,thematic,1,2
ἀμείλικτος,0,ἀ+μείλικτος,ἀ/ἀν,d,,μειλίσσω,v,thematic,1,2
ἀμείλιχος,0,ἀ+μείλιχος,ἀ/ἀν,d,,μείλιχος,a,thematic,1,2
ἀμενηνός,0,ἀ+μενηνός,ἀ/ἀν,d,,μένος,n,s-stem,1,2
ἀμετρο-,0,ἀ+μετρο-,ἀ/ἀν,d,,μέτρον,n,thematic,1,2
ἀμετροεπής,0,ἀμετρο+επής,ἀμετρο-,a,thematic,ἔπος,n,s-stem,1,3
ἀμήχανος,0,ἀ+μήχανος,ἀ/ἀν,d,,μηχανή,n,-ā/a,1,2
ἀμιτροχίτων,0,ἀ+μιτροχίτωνας,ἀ/ἀν,d,,-μιτροχίτων,n,n-stem,1,3
ἄμμορος,0,ἄ+μμορος,ἀ/ἀν,d,,μείρομαι,v,thematic,1,2
ἀμογητός,0,ἀ+μογητός,ἀ/ἀν,d,,μογέω,v,thematic,1,2
ἀμύμων,0,ἀ+μύμων,ἀ/ἀν,d,,μῶμος?,n,thematic,1,2
ἀμφάδιος,0,ἀμ+φάδιος,ἀνά,r,,φαίνω,v,thematic,1,2
ἀμφήκης,0,ἀμφ+ήκης,ἀμφί,r,,ἀκή,n,-ā/a,1,2
ἀμφηρεφής,0,ἀμφ+ηρεφής,ἀμφί,r,,ἐρέφω,v,thematic,1,2
ἀμφήριστος,0,ἀμφ+ήριστος,ἀμφί,r,,ἐρίζω,v,thematic,1,2
ἀμφίβασις,0,ἀμφί+βασις,ἀμφί,r,,βαίνω,v,thematic,1,2
ἀμφίβροτος,0,ἀμφί+βροτος,ἀμφί,r,,βροτός,n,thematic,1,2
Ἀμφιγενής,0,Ἀμφι+γενής,ἀμφί,r,,γίγνομαι,v,thematic,1,2
ἀμφιγυήεις,0,ἀμφι+γυήεις,ἀμφί,r,,γύη,n,-ā/a,1,2
ἀμφίγυος,0,ἀμφί+γυος,ἀμφί,r,,γύη,n,-ā/a,1,2
Ἀμφιδάμας,0,Ἀμφι+δάμας,ἀμφί,r,,δαμάζω,v,thematic,1,2
ἀμφίδασυς,0,ἀμφί+δασυς,ἀμφί,r,,δασύς,a,u-stem,1,2
ἀμφιδρυφής,0,ἀμφι+δρυφής,ἀμφί,r,,δρύπτω,v,thematic,1,2
ἀμφιδρυφής,0,ἀμφι+δρυφής,ἀμφί,r,,δρύφω,v,thematic,1,2
ἀμφιέλισσος,1,ἀμφι+έλισσος,ἀμφί,r,,ἐλίσσω,v,thematic,1,2
ἀμφιθαλής,0,ἀμφι+θαλής,ἀμφί,r,,θάλλω,v,thematic,1,2
ἀμφίθετος,0,ἀμφί+θετος,ἀμφί,r,,τίθημι,v,athematic,1,2
Ἀμφίθοος,0,Ἀμφί+θοος,ἀμφί,r,,θέω,v,thematic,1,2
Ἀμφικλῆς,0,Ἀμφι+κλῆς,ἀμφί,r,,κλέος,n,s-stem,2,2
Ἀμφικλῆς,0,Ἀμφι+κλῆς,ἀμφί,r,,κλέω,v,thematic,2,2
ἀμφίκομος,0,ἀμφί+κομος,ἀμφί,r,,κόμη,n,-ā/a,1,2
ἀμφικύπελλος,0,ἀμφι+κύπελλος,ἀμφί,r,,κύπελλον,n,thematic,1,2
ἀμφιλύκη,0,ἀμφι+λύκη,ἀμφί,r,,λύκη?,n,-ā/a,1,2
Ἀμφίμαχος,0,Ἀμφί+μαχος,ἀμφί,r,,μάχη,n,-ā/a,1,2
Ἀμφίμαχος,0,Ἀμφί+μαχος,ἀμφί,r,,μάχομαι,v,thematic,1,2
ἀμφιμέλας,0,ἀμφι+μέλας,ἀμφί,r,,μέλας,a,n-stem,1,2
Ἀμφίνομος,0,Ἀμφί+νομος,ἀμφί,r,,νέμω,v,thematic,1,2
ἀμφίπολος,0,ἀμφί+πολος,ἀμφί,r,,πέλω,v,thematic,1,2
ἀμφιστρεφής,0,ἀμφι+στρεφής,ἀμφί,r,,στρέφω,v,thematic,1,2
ἀμφίφαλος,0,ἀμφί+φαλος,ἀμφί,r,,φαλός,n,thematic,1,2
ἀμφίφορος,1,ἀμφί+φορος,ἀμφί,r,,φέρω,v,thematic,1,2
ἀμώμητος,0,ἀ+μώμητος,ἀ/ἀν,d,,μωμέω,v,thematic,1,2
ἀνάβλησις,0,ἀνά+βλησις,ἀνά,r,,βάλλω,v,thematic,1,2
ἀναδέσμη?,0,ἀνα+δέσμη?,ἀνά,r,,δεσμός ,n,thematic,1,2
ἀνάεδνος,0,ἀν+άεδνος,ἀ/ἀν,d,,ἕδνον,n,thematic,1,2
ἀναιδής,0,ἀν+αιδής,ἀ/ἀν,d,,αἰδώς,n,s-stem,1,2
ἀναίμων ,0,ἀν+αίμων ,ἀ/ἀν,d,,αἶμα,n,n-stem,1,2
ἀναιμωτί,0,ἀν+αιμωτί,ἀ/ἀν,d,,αἶμα,n,n-stem,1,2
ἀναίτιος,0,ἀν+αίτιος,ἀ/ἀν,d,,αἰτία,n,-ā/a,1,2
ἄναλκις,0,ἄν+αλκις,ἀ/ἀν,d,,ἀλκή,n,-ā/a,1,2
ἀνάπνευσις,0,ἀν+άπνευσις,ἀνά,r,,πνεύω,v,thematic,1,2
ἀνάποινος,0,ἀν+άποινος,ἀ/ἀν,d,,ἄποινα,n,thematic,1,2
ἀνάρσιος,0,ἀν+άρσιος,ἀ/ἀν,d,,-αρσ-?,?,,1,2
ἄναρχος,0,ἄν+αρχος,ἀ/ἀν,d,,ἀρχός,n,thematic,1,2
ἀνασταδόν,0,ἀνα+σταδόν,ανά,r,,ἵστημι,v,athematic,1,2
ἀναφανδά,0,ἀνα+φανδά,ἀνά,r,,φαίνω,v,thematic,1,2
ἀνδράγριος,0,ἀνδρ+άγριος,ἀνήρ,n,r-stem,ἄγρα?,n,-ā/a,1,2
Ἀνδραίμων,0,Ἀνδρ+αίμων,ἀνήρ,n,r-stem,αἶμα,n,n-stem,1,2
ἀνδράποδον,0,ἀνδρά+ποδον,ἀνήρ?,n,r-stem,ποῦς?,n,C-stem,1,2
ἀνδρειφόντης,0,ἀνδρει+φόντης,ἀνήρ,n,r-stem,θείνω,v,thematic,1,2
ἀνδρόκμητος,0,ἀνδρό+κμητος,ἀνήρ,n,r-stem,κάμνω,v,thematic,1,2
ἀνδροκτασία,0,ἀνδρο+κτασία,ἀνήρ,n,r-stem,κτείνω,v,thematic,1,2
Ἀνδρομάχη,0,Ἀνδρο+μάχη,ἀνήρ,n,r-stem,μάχη,n,-ā/a,1,2
ἀνδρόμαχος,1,Ἀνδρό+μαχος,ἀνήρ,n,r-stem,μάχομαι,v,thematic,1,2
ἀνδροφόνος,0,ἀνδρο+φόνος,ἀνήρ,n,r-stem,θείνω,v,thematic,1,2
ἀνεμοσκεπής ,0,ἀνεμο+σκεπής ,ἄνεμος,n,thematic,σκέπω,v,thematic,1,2
ἀνεμοτρεφής,0,ἀνεμο+τρεφής,ἄνεμος,n,thematic,τρέφω,v,thematic,1,2
ἀνέμωρος,1,ἀνέμ+ωρος,ἄνεμος,n,thematic,ὄρος?,?,-ā/a,1,2
ἀνέστιος,0,ἀν+έστιος,ἀ/ἀν,d,,ἐστία,n,-ā/a,1,2
ἀνήκεστος,0,ἀν+ήκεστος,ἀ/ἀν,d,,ἀκέομαι,v,thematic,1,2
Ἀνθήδων,0,Ἀνθ+ήδων,ἀντί,r,,ἥδομαι,v,thematic,1,2
ἀνίδρως,1,ἀν+ίδρως,ἀ/ἀν,d,,ἱδρώς,n,s-stem,1,2
ἀνόλεθρος,0,ἀν+όλεθρος,ἀ/ἀν,d,,ὄλεθρος,n,thematic,1,2
ἄνοος,0,ἄ+νοος,ἀ/ἀν,d,,νοῦς,n,u-stem,1,2
ἀνούτατος,0,ἀν+ούτατος,ἀ/ἀν,d,,οὐτάω,v,thematic,1,2
ἀνουτητί,0,ἀν+ουτητί,ἀ/ἀν,d,,οὐτάω,v,thematic,1,2
ἀντάξιος,0,ἀντ+άξιος,ἀντί,r,,ἄξιος,a,thematic,1,2
Ἀντήνωρ,0,Ἀν+τήνωρ,ἀντί,r,,ἀνήρ,n,r-stem,1,2
ἀντιάνειρα,0,ἀντι+άνειρα,ἀντί,r,,ἀνήρ,n,r-stem,1,2
ἀντίβιος,0,ἀντί+βιος,ἀντί,r,,βία,n,-ā/a,1,2
ἀντίθεος,0,ἀντί+θεος,ἀντί,r,,θεός,n,thematic,1,2
ἀντικρύ,0,ἀντι+κρύ,ἀντί,r,,κρούω?,v,thematic,1,2
Ἀντίλοχος,0,Ἀντί+λοχος,ἀντί,r,,λέχομαι?,v,thematic,1,2
Ἀντίμαχος,0,ἀντί+μαχος,ἀντί,r,,μάχομαι,v,thematic,1,2
ἄντιτος,0,ἄν[τι]+τιτος,ἀντί,r,,τίνω,v,thematic,1,2
Ἀντιφάτης,0,Ἀντι+φάτης,ἀντί,r,,φημί,v,athematic,1,2
Ἀντίφονος,0,Ἀντί+φονος,ἀντί,r,,θείνω,v,thematic,1,2
ἀνώϊστος,0,ἀν+ώϊστος,ἀ/ἀν,d,,οἶδα,v,athematic,1,2
Ἄξυλος,0,Ἄ+ξυλος,ἀ/ἀν,d,,ξύλον,n,thematic,1,2
ἀπάλαμνος,0,ἀ+πάλαμνος,ἀ/ἀν,d,,παλάμη,n,-ā/a,1,2
ἁπαλοτρεφής,0,ἁπαλο+τρεφής,ἁπαλός,a,thematic,τρέφω,v,thematic,1,2
ἄπαστος,0,ἄ+παστος,ἀ/ἀν,d,,πατέομαι,v,thematic,1,2
ἀπείρητος,0,ἀ+πείρητος,ἀ/ἀν,d,,πειράω,v,thematic,1,2
ἀπείρων,0,ἀ+πείρων,ἀ/ἀν,d,,πεῖραρ,n,r-stem,1,2
ἀπερείσιος,0,ἀ+περείσιος,ἀ/ἀν,d,,πεῖραρ,n,r-stem,1,2
ἀπήμων,0,ἀ+πήμων,ἀ/ἀν,d,,πῆμα,n,n-stem,1,2
ἄπιστος,0,ἄ+πιστος,ἀ/ἀν,d,,πείθω,v,thematic,1,2
ἄπιστος,0,ἄ+πιστος,ἀ/ἀν,d,,πίστις,n,i-stem,1,2
ἀπόβλητος,0,ἀπό+βλητος,ἀπό,r,,βάλλω,v,thematic,1,2
ἀποθύμιος,0,ἀπο+θύμιος,ἀπό,r,,θυμός,n,thematic,1,2
ἀπόρθητος,0,ἀ+πόρθητος,ἀ/ἀν,d,,πορθέω,v,thematic,1,2
ἀπορρώξ,0,ἀπο+ρρώξ,ἀπό,r,,ρήγνυμι,v,athematic,1,2
ἀποσταδόν,0,ἀπο+σταδόν,ἀπό,r,,ἵστημι,v,athematic,1,2
ἄποτμος,0,ἄ+ποτμος,ἀ/ἀν,d,,πότμος,n,thematic,1,2
ἄπρηκτος,0,ἄ+πρηκτος,ἀ/ἀν,d,,πράσσω,v,thematic,1,2
ἀπτοεπής,0,ἀπτο+επής,ἀπτο-?,?,,ἔπος,n,s-stem,1,2
ἀπτόλεμος,0,ἀ+πτόλεμος,ἀ/ἀν,d,,πόλεμος,n,thematic,1,2
ἄπυρος,0,ἄ+πυρος,ἀ/ἀν,d,,πῦρ,n,r-stem,1,2
Ἀραιθυρέα,0,Ἀραι+θυρέα,ἀραιός,a,thematic,θύρη,n,-ā/a,1,2
ἀργεϊφόντης,0,ἀργεϊ+φόντης,Ἄργος,n,s-stem,θείνω,v,thematic,1,2
ἀργικέραυνος,0,ἀργι+κέραυνος,ἀργός,a,thematic,κεραυνός,n,thematic,1,2
ἀργιόδων,0,ἀργι+όδων,ἀργός,a,thematic,ὀδών,n,n-stem,1,2
ἀργίπους,0,ἀργί+πους,ἀργός,a,thematic,ποῦς,n,C-stem,1,2
ἀργυροδίνης,0,ἀργυρο+δίνης,ἄργυρος,n,thematic,δινέω,v,thematic,1,2
ἀργυροδίνης,0,ἀργυρο+δίνης,ἄργυρος,n,thematic,δῖνος,n,thematic,1,2
ἀργυρόηλος,0,ἀργυρό+ηλος,ἄργυρος,n,thematic,ἧλος,n,s-stem,1,2
ἀργυρόπεζα,0,ἀργυρό+πεζα,ἄργυρος,n,thematic,ποῦς,n,C-stem,1,2
ἀργυρότοξος,0,ἀργυρό+τοξος,ἄργυρος,n,thematic,τόξον,n,thematic,1,2
Ἀρείφατος,0,Ἀρεί+φατος,Ἄρης,n,s-stem,θείνω,v,thematic,1,2
Ἀρηΐθοος,0,Ἀρηΐ+θοος,Ἄρης,n,s-stem,θέω,v,thematic,1,2
Ἀρηΐλυκος,0,Ἀρηΐ+λυκος,Ἄρης,n,s-stem,λύκος?,n,thematic,1,2
ἀρηΐφιλος,0,ἀρηΐ+φιλος,Ἄρης,n,s-stem,φίλος,a,thematic,1,2
ἀρίγνωτος,0,ἀρί+γνωτος,ἀρι-,d,,γιγνώσκω,v,thematic,1,2
ἀριδείκετος,0,ἀρι+δείκετος,ἀρι-,d,,δείκνυμι,v,athematic,1,2
ἀρίζηλος,0,ἀρί+ζηλος,ἀρι-,d,,ζῆλος,n,thematic,1,2
ἀριπρεπής,0,ἀρι+πρεπής,ἀρι-,d,,πρέπω,v,thematic,1,2
-αριστοτόκoς,1,-αριστο+τόκoς,ἄριστος,a,thematic,τίκτω,v,thematic,1,2
ἀριφραδής,0,ἀρι+φραδής,ἀρι-,d,,φράζω,v,thematic,1,2
Ἀρκεσίλαος,0,Ἀρκεσί+λαος,ἀρκέω,v,thematic,λαός,n,thematic,1,2
ἁρματοπηγὸς,0,ἁρματο+πηγὸς,ἅρμα,n,n-stem,πήγνυμι,v,athematic,1,2
ἄρρηκτος,0,ἄ+ρρηκτος,ἀ/ἀν,d,,ρήγνυμι,v,athematic,1,2
Ἀρσίνοος,0,Ἀρσί+νοος,ἀείρω/ἀραρίσκω,v,thematic,νοῦς,n,u-stem,1,2
ἀρτιεπής,0,ἀρτι+επής,ἀραρίσκω,v,thematic,ἔπος,n,s-stem,1,2
ἀρτίπους,0,ἀρτί+πους,ἀραρίσκω,v,thematic,ποῦς,n,C-stem,1,2
ἀρχέκακος,0,ἀρχέ+κακος,ἄρχω,v,thematic,κακόν,n,thematic,1,2
Ἀρχέλοχος,0,Ἀρχέ+λοχος,ἄρχω,v,thematic,λόχος,n,thematic,1,2
ἄσβεστος,0,ἄ+σβεστος,ἀ/ἀν,d,,σβέννυμι,v,athematic,1,2
ἀσήμαντος,0,ἀ+σήμαντος,ἀ/ἀν,d,,σημαίνω,v,thematic,1,2
ἀσκελής,0,ἀ+σκελής,ἀ/ἀν,d,,σκέλλω,v,thematic,1,2
ἄσκοπος ,0,ἄ+σκοπος ,ἀ/ἀν,d,,σκέπτομαι,v,thematic,1,2
ἄσπερμος,0,ἄ+σπερμος,ἀ/ἀν,d,,σπέρμα,n,n-stem,1,2
ἀσπερχής,0,ἀ+σπερχής,ἀ/ἀν,d,,σπέρχομαι,v,thematic,1,2
ἄσπετος,0,ἄ+σπετος,ἀ/ἀν,d,,ἔννεπε,v,?,1,2
Ἀστύαλος,0,Ἀστύ+αλος,ἄστυ,n,u-stem,ἅλς,n,l-stem,1,2
Ἀστυάναξ,0,Ἀστυ+άναξ,ἄστυ,n,u-stem,ἄναξ,n,C-stem,1,2
ἀστυβοώτης,0,ἀστυ+βοώτης,ἄστυ,n,u-stem,βοάω,v,thematic,1,2
Ἀστύνοος,0,Ἀστύ+νοος,ἄστυ,n,u-stem,νοέω,v,thematic,1,2
Ἀστύνοος,0,Ἀστύ+νοος,ἄστυ,n,u-stem,νοῦς,n,u-stem,1,2
Ἀστυόχος,0,Ἀστυ+όχος,ἄστυ,n,u-stem,ἔχω,v,thematic,1,2
Ἀστύπυλος,0,Ἀστύ+πυλος,ἄστυ,n,u-stem,πύλη,n,-ā/a,1,2
ἀσφαλής,0,ἀ+σφαλής,ἀ/ἀν,d,,σφάλλω,v,thematic,1,2
ἀσχετος,0,ἀ+σχετος,ἀ/ἀν,d,,σχεῖν,v,thematic,1,2
ἀτάλαντος,0,ἀ+τάλαντος,ἀ/ἀν,d,,τάλαντον,n,thematic,1,2
ἀταλάφρων,0,ἀταλά+φρων,ἀταλός,a,thematic,φρήν,n,n-stem,1,2
ἀταρβής,0,ἀ+ταρβής,ἀ/ἀν,d,,τάρβος,n,s-stem,1,2
ἀτάρβητος,0,ἀ+τάρβητος,ἀ/ἀν,d,,ταρβέω,v,thematic,1,2
ἀτειρής,0,ἀ+τειρὴς,ἀ/ἀν,d,,τείρω,v,thematic,1,2
ἀτέλεστος,0,ἀ+τέλεστος,ἀ/ἀν,d,,τελέω,v,thematic,1,2
ἀτελεύτητος,0,ἀ+τελεύτητος,ἀ/ἀν,d,,τελευτάω,v,thematic,1,2
ἀτερπής,0,ἀ+τερπής,ἀ/ἀν,d,,τέρπω,v,thematic,1,2
ἀτίμητος,0,ἀ+τίμητος,ἀ/ἀν,d,,τιμάω,v,thematic,1,2
ἄτιμος,0,ἄ+τιμος,ἀ/ἀν,d,,τιμή,n,-ā/a,1,2
ἄτιτος,0,ἄ+τιτος,ἀ/ἀν,d,,τίνω,v,thematic,1,2
ἄτλητος,0,ἄ+τλητος,ἀ/ἀν,d,,τλάω,v,thematic,1,2
ἀτρέμης,1,ἀ+τρέμης,ἀ/ἀν,d,,τρέμω,v,thematic,1,2
ἄτρομος,0,ἄ+τρομος,ἀ/ἀν,d,,τρέμω,v,thematic,1,2
ἀτρύγετος,0,ἀ+τρύγετος,ἀ/ἀν,d,,τρύγω,v,thematic,1,2
αὐλῶπις,0,αὐλ(ό+ο)πις,αὐλός,n,thematic,ὄπις,n,C-stem,2,2
αὔλωψ,1,αὔλ+ωψ,αὐλός,n,thematic,ὤψ,n,C-stem,2,2
ἄϋπνος,0,ἄ+ϋπνος,ἀ/ἀν,d,,ὕπνος,n,thematic,1,2
αὐτῆμαρ,0,αὐτ+ῆμαρ,αὐτός,a,thematic,ἦμαρ,n,r-stem,1,2
αὐτοκασίγνητος,0,αὐτο+κασίγνητος,αὐτός,a,thematic,κασίγνητος,n,thematic,1,3
Αὐτόλυκος,0,Αὐτό+λυκος,αὐτός,a,thematic,λύκος,n,thematic,1,2
αὐτόματος,0,αὐτό+ματος,αὐτός,a,thematic,μαίομαι,v,thematic,1,2
Αὐτομέδων,0,Αὐτο+μέδων,αὐτός,a,thematic,μέδω,v,thematic,1,2
Αὐτόνοος,0,Αὐτό+νοος,ἀυτός,a,thematic,νοέω,v,thematic,1,2
αὐτονυχί,0,αὐτο+νυχί,αύτός,a,thematic,νύξ,n,C-stem,1,2
αὐτοστάδιος,1,αὐτο+στάδιος,αὐτός,a,thematic,στάδιος,a,thematic,1,2
Αὐτόφονος,0,Αὐτό+φονος,ἀυτός,a,thematic,θείνω,v,thematic,1,2
αὐτοχόωνον,0,αὐτο+χόωνον,αὐτός,a,thematic,χόανος,n,thematic,1,2
ἄφαλος,0,ἄ+φαλος,ἀ/ἀν,d,,φαλός,n,thematic,1,2
ἀφαμαρτο-,0,ἀφ+αμαρτο-,ἀπό,r,,ἁμαρτάνω,v,thematic,1,2
ἀφαμαρτοεπής,0,ἀφαμαρτο+επής,ἀφαμαρτο-,a,thematic,ἔπος,n,s-stem,1,3
ἄφαντος,0,ἄ+φαντος,ἀ/ἀν,d,,φαίνω,v,thematic,1,2
Ἀφαρεύς,0,Ἀ+φαρεύς,ἀ/ἀν,d,,φᾶρος?,n,thematic,1,2
-αφῆλιξ,0,-αφ+ῆλιξ,ἀπό,r,,ἧλιξ,n,C-stem,1,2
ἄφθιτος,0,ἄ+φθιτος,ἀ/ἀν,d,,φθίνω,v,thematic,1,2
ἀφραδής,1,ἀ+φραδής,ἀ/ἀν,d,,φράζω,v,thematic,1,2
ἀφρήτωρ,0,ἀ+φρήτωρ,ἀ/ἀν,d,,φρήτρη,n,-ā/a,1,2
ἄφρονά,0,ἄ+φρονά,ἀ/ἀν,d,,φρήν,n,n-stem,1,2
ἄφυλλος,0,ἄ+φυλλος,ἀ/ἀν,d,,φύλλον,n,thematic,1,2
Ἀψευδής,0,Ἀ+ψευδής,ἀ/ἀν,d,,ψεῦδος,n,s-stem,1,2
ἀψόρροος,0,ἀψ+όρροος,ἄψ,d,,ῥέω,v,thematic,1,2
ἄωρος,0,ἄ+ωρος,ἀ/ἀν,d,,ὥρα,n,-ā/a,1,2
βαθυδίνης,0,βαθυ+δίνης,βαθύς,a,u-stem,δίνη,n,-ā/a,1,2
βαθύζωνος,0,βαθύ+ζωνος,βαθύς,a,u-stem,ζώνη,n,-ā/a,1,2
Βαθυκλῆς,0,Βαθυ+κλῆς,βαθύς,a,u-stem,κλέος,n,s-stem,2,2
Βαθυκλῆς,0,Βαθυ+κλῆς,βαθύς,a,u-stem,κλέω,v,thematic,2,2
βαθύκολπος,0,βαθύ+κολπος,βαθύς,a,u-stem,κόλπος,n,thematic,1,2
βαθύλειμος,0,βαθύ+λειμος,βαθύς,a,u-stem,λείμων,n,n-stem,1,2
βαθυρρείτης,0,βαθυ+ρρείτης,βαθύς,a,u-stem,ῥέω,v,thematic,1,2
βαθύρροος,0,βαθύ+ρροος,βαθύς,a,u-stem,ῥέω,v,thematic,1,2
βαθύσχοινον,0,βαθύ+σχοινον,βαθύς,a,u-stem,σχοῖνος,n,thematic,1,2
βαρβαρόφωνος,0,βαρβαρό+φωνος,βάρβαρος,a,thematic,φωνή,n,-ā/a,1,2
Βελλεροφόντης,0,Βελλερο+φόντης,Βελλερος?,n,thematic,θείνω,v,thematic,1,2
βλοσυρῶπις,0,βλοσυρ(ό+ο)πις,βλοσυρός,a,thematic,ὄπις,n,C-stem,2,2
βλοσύρωψ,1,βλοσύρ+ωψ,βλοσυρός,a,thematic,ὤψ,n,C-stem,2,2
Βοάγριος,0,Βο+άγριος,βοῦς,n,u-stem,ἄγριος,a,thematic,1,2
βοηθόος,0,βοη+θόος,βοή,n,-ā/a,θέω,v,thematic,1,2
βοηλασία,0,βο+ηλασία,βοῦς,n,u-stem,ἐλαύνω,v,thematic,1,2
βουγάϊος,0,βου+γάϊος,βοῦς,n,u-stem,γαίω?,v,thematic,1,2
βουκόλος,0,βου+κόλος,βοῦς,n,u-stem,πέλω,v,thematic,1,2
βουληφόρος,0,βουλη+φόρος,βουλή,n,-ā/a,φέρω,v,thematic,1,2
βουπλῆξ,0,βου+πλῆξ,βοῦς,n,u-stem,πλήσσω,v,thematic,1,2
Βουπράσιος,0,Βου+πράσιος,βοῦς,n,u-stem,πράσιος?,n,thematic,1,2
βοῶπις,0,βο(ό+ο)πις,βοῦς,n,u-stem,ὄπις,n,C-stem,2,2
βόωψ,1,βό+ωψ,βοῦς,n,u-stem,ὤψ,n,C-stem,2,2
βριήπυος,0,βρι+ήπυος,βρι-?,?,,ἀπύω,v,thematic,1,2
βροτολοιγός,0,βροτο+λοιγός,βροτός,n,thematic,λοιγός,n,thematic,1,2
βωτιάνειρα,0,βωτι+άνειρα,βώσκω ,v,thematic,ἀνήρ,n,r-stem,1,2
γαιήοχος,0,γαιή+οχος,γαῖα,n,-ā/a,ἔχω,v,thematic,1,2
γαμψῶνυξ,0,γαμψ(ό+ο)νυξ,γαμψός,a,-ā/a,ὄνυξ,n,C-stem,1,2
Γανυμήδης,0,Γανυ+μήδης,γανυ-?,?,,μήδομαι,v,athematic,1,2
γλακτοφάγος,0,γλακτο+φάγος,γάλα,n,C-stem,φαγεῖν,v,thematic,1,2
γλαυκῶπις ,0,γλαυκ(ό+ο)πις,γλαυκός,a,thematic,ὄπις,n,C-stem,2,2
γλαυκώψ,1,γλαυκ+ώψ,γλαυκός,a,thematic,ὤψ,n,C-stem,2,2
γλυκύθυμος,0,γλυκύ+θυμος,γλυκύς,a,u-stem,θυμός,n,thematic,1,2
γυναιμανής,0,γυναι+μανής,γυνή,n,C-stem,μαίνομαι,v,thematic,1,2
γυναιμανής,0,γυναι+μανής,γυνή,n,C-stem,μαίομαι,v,thematic,1,2
δαϊκτάμενος,0,δαϊ+κτάμενος,δαΐος?,a/n?,thematic,κτείνω,v,thematic,1,2
δαΐφρων,0,δαΐ+φρων,δαΐος?,a/n?,thematic,φρήν,n,n-stem,1,2
δαφοινός,0,δα+φοινός,διά?,r,,φοινός,a,thematic,1,2
Δεισήνωρ,0,Δεισ+ήνωρ,δείδω,v,thematic,ἀνήρ,n,r-stem,1,2
Δηϊκόων,0,Δηϊ+κόων,δαΐος?,a/n?,thematic,κοέω,v,thematic,1,2
Δηϊοπίτης,0,Δηϊο+πίτης,δαΐος?,a/n?,thematic,πίπτω,v,thematic,1,2
Δηΐοχος,0,Δηΐ+οχος,δαΐος?,a/n?,thematic,ἔχω,v,thematic,1,2
Δηΐπυλος,0,Δηΐ+πυλος,δαΐος?,a/n?,thematic,πύλη,n,-ā/a,1,2
Δηΐπυρος,0,Δηΐ+πυρος,δαΐος?,a/n?,thematic,πῦρ,n,r-stem,1,2
Δηίφοβος,0,Δηί+φοβος,δαΐος?,a/n?,thematic,φοβέω,v,thematic,1,2
δημοβόρος,0,δημο+βόρος,δῆμος,n,thematic,βιβρώσκω,v,thematic,1,2
δημογέρων,0,δημο+γέρων,δῆμος,n,thematic,γέρων,n,n-stem,1,2
Δημοκόων,0,Δημο+κόων,δῆμος,n,thematic,κοέω,v,thematic,1,2
Δημολέων,0,Δημο+λέων,δῆμος,n,thematic,λέων,n,n-stem,1,2
Δημοῦχος,0,Δημ(ό+ο)χος,δῆμος,n,thematic,ἔχω,v,thematic,1,2
διαμπερής,0,δι+αμπερής,διά,r,,ἀναπείρω,v,thematic,1,2
δίζυξ,0,δί+ζυξ,δύο ,m,,ζυγόν,n,thematic,1,2
διηνεκής,0,δι+ηνεκής,διά,r,,ἐνεγκεῖν,v,?,1,2
διιπετής,0,διι+πετής,Ζεύς,n,u-stem,πίπτω,v,thematic,1,2
δικασπόλος ,0,δικασ+πόλος ,δίκη,n,-ā/a,πέλω,v,thematic,1,2
δικλίς,0,δι+κλίς,δύο ,m,,κλίνω,v,thematic,1,2
διογενής,0,διο+γενής,Ζεύς,n,u-stem,γίγνομαι,v,thematic,1,2
Διοκλής,0,Διο+κλής,Ζεύς,n,u-stem,κλέος,n,s-stem,2,2
Διοκλής,0,Διο+κλής,Ζεύς,n,u-stem,κλέω,v,thematic,2,2
Διομήδης,0,Διο+μήδης,Ζεύς,n,u-stem,μήδομαι,v,athematic,1,2
διοπτήρ,0,διο+πτήρ,διά,r,,ὄψομαι,v,thematic,1,2
διοτρεφής,0,διο+τρεφής,Ζεύς,n,u-stem,"τρέφω
",v,thematic,1,2
δίπλαξ,0,δί+πλαξ,δύο ,m,,πλέκω,v,thematic,1,2
δίπτυξ,0,δί+πτυξ,δύο ,m,,πτύσσω,v,thematic,1,2
δίσκουρα,0,δίσκ+ουρα,δίσκος,n,thematic,οὖρος,n,thematic,1,2
δολιχεγχής,0,δολιχ+εγχής,δολιχός,a,thematic,ἔγχος,n,s-stem,1,2
δολιχόσκιος,0,δολιχό+σκιος,δολιχός,a,thematic,σκιά,n,-ā/a,1,2
δολομήτης,0,δολο+μήτης,δόλος,n,thematic,μήτις?,n,i-stem,1,2
Δολοπίων,0,Δολ+οπίων,δόλος?,n,thematic,ὄψ?,n,C-stem,1,2
δολόφρων,1,δολό+φρων,δόλος,n,thematic,φρήν,n,n-stem,1,2
δουλιχοδείρος,0,δουλιχο+δείρος,δολιχός,a,thematic,δειρή,n,-ā/a,1,2
δουλιχόδειρος,0,δουλιχό+δειρος,δολιχός,a,thematic,δειρή,n,-ā/a,1,2
δουρηνεκής,0,δουρ+ηνεκής,δόρυ,n,u-stem,ἐνεγκεῖν,v,?,1,2
δουρικλειτός,0,δουρι+κλειτός,δόρυ,n,u-stem,κλέω,v,thematic,1,2
δουρικλυτός,0,δουρι+κλυτός,δόρυ,n,u-stem,κλύω,v,thematic,1,2
δουρικτητής,0,δουρι+κτητής,δόρυ,n,u-stem,κτάομαι,v,thematic,1,2
δρυτόμος,0,δρυ+τόμος,δρῦς,n,u-stem,τέμνω,v,thematic,1,2
δυσαής,0,δυσ+αής,δυσ-,d,,ἄημι,v,athematic,1,2
δυσάμμορος,0,δυσ+άμμορος,δυσ-,d,,ἄμμορος,a,thematic,1,3
δυσαριστοτόκoς,1,δυσ+αριστοτόκoς,δυσ-,d,,ἀριστοτόκoς,a,thematic,1,3
δυσηλεγής,0,δυσ+ηλεγής,δυσ-,d,,ἔλεγος,n,s-stem,1,2
δυσηχής,0,δυσ+ηχής,δυσ-,d,,ἧχος,n,s-stem,1,2
δυσθαλπής,0,δυσ+θαλπής,δυσ-,d,,θάλπω,v,thematic,1,2
δυσκέλαδος,0,δυσ+κέλαδος,δυσ-,d,,κέλαδος,n,thematic,1,2
δυσκλεής,0,δυσ+κλεής,δυσ-,d,,κλέος,n,s-stem,2,2
δυσκλεής,0,δυσ+κλεής,δυσ-,d,,κλέω,v,thematic,2,2
δυσμενής,0,δυσ+μενής,δυσ-,d,,μένος,n,s-stem,1,2
δύσμορος,0,δύσ+μορος,δυσ-,d,,μείρομαι,v,thematic,1,2
Δύσπαρις,0,Δύσ+παρις,δυσ-,d,,Πάρις,n,C-stem,1,2
δυσπέμφελος,0,δυσ+πέμφελος,δυσ-,d,,πεμφελο-?,?,,1,2
δυσχείμερος,0,δυσ+χείμερος,δυσ-,d,,χειμέριος,a,thematic,1,2
δυσώνυμος,0,δυσ+ώνυμος,δυσ-,d,,ὄνομα,n,n-stem,1,2
δυώδεκα,0,δυώ+δεκα,δύο ,m,,δέκα,m,,1,2
δυωδεκάβοιος,0,δυωδεκά+βοιος,δυώδεκα,m,,βοῦς,n,u-stem,1,2
δυωκαιεικοσίμετρον,0,δυωκαιεικοσί+μετρον,δυωκαιείκοσι,m,,μέτρον,n,thematic,1,2
δυωκαιεικοσίπηχυς,0,δυωκαιεικοσί+πηχυς,δυωκαιείκοσι,m,,πῆχυς,n,u-stem,1,2
δώδεκα,0,δώ+δεκα,δύο ,m,,δέκα,m,,1,2
ἐγκέφαλος,0,ἐγκέ+φαλος,ἐν,r,,κεφαλή,n,-ā/a,1,2
ἐγχεσίμωρος,0,ἐγχεσί+μωρος,ἔγχος,n,s-stem,μωρος?,?,,1,2
ἐγχέσπαλος,0,ἐγχέσ+παλος,ἔγχος,n,s-stem,πάλλω,v,thematic,1,2
εἰκοσινήριτος,0,εἰκοσι+νήριτος,εἴκοσιν,m,,-νήριτος,a,thematic,1,2
εἰλίπους,0,εἰλί+πους,ἕλιξ?,n,C-stem,ποῦς,n,C-stem,1,2
εἰναέτης,0,εἰνα+έτης,ἐννέα,m,,ἔτος,n,s-stem,1,2
εἰνάνυχες,0,εἰνά+νυχες,ἐννεά,m,,νύξ,n,C-stem,1,2
εἰνοσίφυλλος,0,εἰνοσί+φυλλος,ἔνοσις?,n,i-stem,φύλλον,n,thematic,2,2
εἰνοσίφυλλος,0,εἰνοσί+φυλλος,ἐνοσι-?,v,?,φύλλον,n,thematic,2,2
εἰροκόμος,0,εἰρο+κόμος,εἶρος,n,s-stem,κόμη,n,-ā/a,1,2
εἰροπόκος,0,εἰρο+πόκος,εἶρος,n,s-stem,πέκω,v,thematic,1,2
ἑκάεργος,0,ἑκά+εργος,ἑκάς,d,,ἔργω,v,thematic,1,2
Ἑκαμήδης,0,Ἑκα+μήδης,ἑκας,d,,μήδομαι,v,athematic,1,2
ἑκατηβελέτης,0,ἑκατη+βελέτης,ἑκάς,d,,βάλλω,v,thematic,1,2
ἑκατήβολος,0,ἑκατή+βολος,ἑκάς,d,,βάλλω,v,thematic,1,2
ἑκατόγχειρος,0,ἑκατόγ+χειρος,ἑκατόν,m,,χείρ,n,r-stem,1,2
ἑκατόζυγος,0,ἑκατό+ζυγος,ἑκατόν,m,,ζυγόν,n,thematic,1,2
ἑκατόμβοιος,0,ἑκατόμ+βοιος,ἑκατόν,m,,βοῦς,n,u-stem,1,2
ἑκατόμπεδος,0,ἑκατόμ+πεδος,ἑκατόν,m,,πέδον,n,thematic,1,2
ἑκατόμπολις,0,ἑκατόμ+πολις,ἑκατόν,m,,πόλις,n,i-stem,1,2
ἑκατόμπυλος,0,ἑκατόμ+πυλος,ἑκατόν,m,,πύλη,n,-ā/a,1,2
ἔκγονος,0,ἔκ+γονος,ἐκ,r,,γίγνομαι,v,thematic,1,2
ἔκδηλος,0,ἔκ+δηλος,ἐκ,r,,δῆλος,a,thematic,1,2
ἑκηβόλος,0,ἑκη+βόλος,ἑκάς,d,,βάλλω,v,thematic,1,2
ἐλαφηβόλος,0,ἐλαφη+βόλος,ἔλαφος,n,thematic,βάλλω,v,thematic,1,2
ἐλεόθρεπτος,0,ἐλεό+θρεπτος,ἕλος,n,s-stem,τρέφω,v,thematic,1,2
Ἐλεφήνωρ,0,Ἐλεφ+ήνωρ,Ἐλεφ-?,?,,ἀνήρ,n,r-stem,1,2
ἑλίκωψ,1,ἑλίκ+ωψ,ἕλιξ,n,C-stem,ὤψ,n,C-stem,1,2
ἑλκεσίπεπλος,0,ἑλκεσί+πεπλος,ἕλκω,v,thematic,πέπλος,n,thematic,1,2
ἑλκέχιτων,0,ἑλκέ+χιτων,ἕλκω,v,thematic,χιτών,n,n-stem,1,2
ἐμβαδόν,0,ἐμ+βαδόν,ἐν,r,,βαίνω,v,thematic,1,2
ἔμπεδος,0,ἔμ+πεδος,ἐν,r,,πέδον,n,thematic,1,2
ἐναίσιμος,0,ἐν+αίσιμος,ἐν,r,,αἶσα,n,-ā/a,1,2
ἐναλίγκιος,0,ἐν+αλίγκιος,ἐν,r,,ἀλίγκιος,a,thematic,1,2
ἐναντίβιος,0,ἐναντί+βιος,ἐνάντιος,a,thematic,βία,n,-ā/a,1,2
ἐνάντιος,0,ἐν+άντιος,ἐν,r,,ἄντιος,a,thematic,1,2
ἐναρίθμιος,0,ἐν+αρίθμιος,ἐν,r,,ἀριθμός,n,thematic,1,2
ἔναυλος,0,ἔν+αυλος,ἐν,r,,αὐλός,n,thematic,1,2
ἕνδεκα,0,ἕν+δεκα,εἵς,m,,δέκα,m,,1,2
ἑνδεκάπηχυς,0,ἑνδεκά+πηχυς,ἔνδεκα,m,,πῆχυς,n,u-stem,1,2
ἐνδέξιος,0,ἐν+δέξιος,ἐν,r,,δεξιός,a,thematic,1,2
ἐνιαυτός,0,ἐνι+αυτός,ἔνος,n,s-stem,-αυ-?,?,,1,2
ἐννεάβοιος,0,ἐννεά+βοιος,ἐννέα,m,,βοῦς,n,u-stem,1,2
ἐννεάπηχυς,0,ἐννεά+πηχυς,ἐννέα,m,,πῆχυς,n,u-stem,1,2
ἐννέωρος,0,ἐννέ+ωρος,ἐννέα,m,,ὥρα,n,-ā/a,1,2
ἐννῆμαρ,0,ἐνν+ῆμαρ,ἐννέα,m,,ἦμαρ,n,r-stem,1,2
ἐννοσίγαιος,0,ἐννοσί+γαιος,ἐνοσι-?,v,?,γαῖα,n,-ā/a,1,2
ἐνόδιος,0,ἐν+όδιος,ἐν,r,,ὁδός,n,thematic,1,2
ἐνοπή,0,ἐν+οπή,ἐν,r,,ὄψ?,n,C-stem,1,2
ἐνοσίχθων,0,ἐνοσί+χθων,ἔνοσις?,n,i-stem,χθών,n,n-stem,2,2
ἐνοσίχθων,0,ἐνοσί+χθων,ἐνοσι-?,v,?,χθών,n,n-stem,2,2
ἐντεσιεργός,0,ἐντεσι+εργός,ἔντεα,n,s-stem,ἔργω,v,thematic,1,2
ἐνώπιος,0,ἐν+ώπιος,ἐν,r,,ὤψ,n,C-stem,1,2
ἔνωψ,1,ἔν+ωψ,ἐν,r,,ὤψ,n,C-stem,1,2
ἔξαρχος,0,ἔξ+αρχος,ἐκ,r,,ἄρχω,v,thematic,1,2
ἔξοχος,0,ἔξ+οχος,ἐκ,r,,ἔχω,v,thematic,1,2
ἐπαίτιος,0,ἐπ+αίτιος,ἐπί,r,,αἰτία,n,-ā/a,1,2
ἐπεσβόλος,0,ἐπεσ+βόλος,ἔπος,n,s-stem,βάλλω,v,thematic,1,2
ἐπημοιβός,0,ἐπ+ημοιβός,ἐπί,r,,ἀμείβω,v,thematic,1,2
ἐπήρατος,0,ἐπ+ήρατος,ἐπί,r,,ἔραμαι,v,athematic,1,2
ἐπηρεφής,0,ἐπ+ηρεφής,ἐπί,r,,ἐρέφω,v,thematic,1,2
ἐπήτριμος,0,ἐπ+ήτριμος,ἐπί,r,,ἥτριον,n,thematic,1,2
ἐπιβλής,0,ἐπι+βλής,ἐπί,r,,βάλλω,v,thematic,1,2
ἐπιγράβδην,0,ἐπι+γράβδην,ἐπί,r,,γράφω,v,thematic,1,2
ἐπίδεξιος,0,ἐπί+δεξιος,ἐπί,r,,δεξιός,a,thematic,1,2
ἐπιδευής,0,ἐπι+δευής,ἐπί,r,,δέω,v,thematic,1,2
ἐπιδήμιος,0,ἐπι+δήμιος,ἐπί,r,,δῆμος,n,thematic,1,2
ἐπιδιφριάς,0,ἐπι+διφριάς,ἐπί,r,,δίφρος,n,thematic,1,2
ἐπίδρομος,0,ἐπί+δρομος,ἐπί,r,,δραμεῖν,v,?,1,2
ἐπιείκελος,0,ἐπι+είκελος,ἐπί,r,,εἴκελος,a,thematic,1,2
ἐπιεικής,0,ἐπι+εικής,ἐπί,r,,εἰκός,n,C-stem,2,2
ἐπιεικής,0,ἐπι+εικής,ἐπί,r,,ἔοικα,v,?,2,2
ἐπιεικτός,0,ἐπι+εικτός,ἐπί,r,,εἴκω,v,thematic,1,2
ἐπίθημα,0,ἐπί+θημα,ἐπί,r,,τίθημι,v,athematic,1,2
Ἐπικλῆς,0,Ἐπι+κλῆς,ἐπί,r,,κλέος,n,s-stem,2,2
Ἐπικλῆς,0,Ἐπι+κλῆς,ἐπί,r,,κλέω,v,thematic,2,2
ἐπίκλησις,0,ἐπί+κλησις,ἐπί,r,,κλέω,v,thematic,1,2
ἐπίκλοπος,0,ἐπί+κλοπος,ἐπί,r,,κλέπτω,v,thematic,1,2
ἐπίκουρος,0,ἐπί+κουρος,ἐπί,r,,κόρος,n,thematic,1,2
ἐπικρατής,1,ἐπι+κρατής,ἐπί,r,,κράτος,n,s-stem,1,2
ἐπιμάρτυρος,0,ἐπι+μάρτυρος,ἐπί,r,,μάρτυρος,n,thematic,1,2
ἐπιμίξ,0,ἐπι+μίξ,ἐπί,r,,μείγνυμι,v,athematic,1,2
ἐπινεφρίδιον,0,ἐπι+νεφρίδιον,ἐπί,r,,νεφρός,n,thematic,1,2
ἐπίξυνος,0,ἐπί+ξυνος,ἐπί,r,,ξυνός,a,thematic,1,2
ἐπίορκος,0,ἐπί+ορκος,ἐπί,r,,ὅρκος,n,thematic,1,2
ἐπίρροθος,0,ἐπί+ρροθος,ἐπί,r,,ῥοθέω?,v,thematic,1,2
ἐπίσκοπος,0,ἐπί+σκοπος,ἐπί,r,,σκοπέω,v,thematic,1,2
ἐπισκύνιον,0,ἐπι+σκύνιον,ἐπί,r,,σκυν-?,?,,1,2
ἐπίσσωτρον,0,ἐπί+σσωτρον,ἐπί,r,,σῶτρον,n,thematic,1,2
ἐπιστεφής,0,ἐπι+στεφής,ἐπί,r,,στέφω,v,thematic,1,2
Ἐπίστροφος,0,Ἐπί+στροφος,ἐπί,r,,στρέφω,v,thematic,1,2
Ἐπίστωρ,0,Ἐπ+ίστωρ,ἐπί,r,,οἶδα,v,athematic,1,2
ἐπισφύριος,0,ἐπι+σφύριος,ἐπί,r,,σφυρόν,n,thematic,1,2
ἐπιτάρροθος,0,ἐπι+τάρροθος,ἐπί,r,,τάρροθος?,n,thematic,1,2
ἐπιχθόνιος,0,ἐπι+χθόνιος,ἐπί,r,,χθών,n,n-stem,1,2
ἐπομφάλιος,0,ἐπ+ομφάλιος,ἐπί,r,,ὀμφαλός,n,thematic,1,2
ἐπουράνιος,0,ἐπ+ουράνιος,ἐπί,r,,οὐρανός,n,thematic,1,2
ἑπτάβοιος,0,ἑπτά+βοιος,ἑπτά,m,,βοῦς,n,u-stem,1,2
ἑπταπόδης,0,ἑπτα+πόδης,ἑπτά,m,,ποῦς,n,C-stem,1,2
Ἑπτάπορος,0,Ἑπτά+πορος,ἑπτά,m,,πορεύω,v,thematic,1,2
ἑπτάπυλος,0,ἑπτά+πυλος,ἑπτά,m,,πύλη,n,-ā/a,1,2
ἐπώνυμος,0,ἐπ+ώνυμος,ἐπί,r,,ὄνομα,n,n-stem,1,2
ἐριαύχην,0,ἐρι+αύχην,ἐρι-,d,,αὐχήν,n,n-stem,1,2
ἐριβώλαξ,0,ἐρι+βώλαξ,ἐρι-,d,,βῶλος?,n,thematic,1,2
ἐρίβωλος,0,ἐρί+βωλος,ἐρι-,d,,βῶλος?,n,thematic,1,2
ἐρίγδουπος,0,ἐρί+γδουπος,ἐρι-,d,,δοῦπος,n,thematic,1,2
ἐρίδουπος,0,ἐρί+δουπος,ἐρι-,d,,δοῦπος,n,thematic,1,2
ἐριθηλής,0,ἐρι+θηλής,ἐρι-,d,,θάλλω,v,thematic,1,2
ἐρικυδής,0,ἐρι+κυδής,ἐρι-,d,,κῦδος,n,s-stem,1,2
ἐρίμυκος,0,ἐρί+μυκος,ἐρι-,d,,μέμυκα,v,?,1,2
ἐριούνιος,0,ἐρι+ούνιος,ἐρι-,d,,-ουν-?,?,,1,2
ἐρισθενής,0,ἐρι+σθενής,ἐρι-,d,,σθένος,n,s-stem,2,2
ἐρισθενής,0,ἐρι+σθενής,ἐρι-,d,,σθένω,v,thematic,2,2
ἐρίτιμος,0,ἐρί+τιμος,ἐρι-,d,,τιμή,n,-ā/a,1,2
Ἐριχθόνιος,0,Ἐρι+χθόνιος,ἐρι-,d,,χθών,n,n-stem,1,2
ἐρίωψ,1,Ἐρί+ωψ,ἐρι-,d,,ὤψ,n,C-stem,1,2
Ἐρύλαος,0,Ἐρύ+λαος,ἐρύω,v,thematic,λαός,n,thematic,1,2
ἐρύσαρμα,0,ἐρύσ+αρμα,ἐρύω,v,thematic,ἅρμα,n,n-stem,1,2
ἐρυσίπτολις,0,ἐρυσί+πτολις,ἐρύω,v,thematic,πόλις,n,i-stem,1,2
Ἐτεοκλῆς,0,Ἐτεο+κλῆς,ἐτεός,a,thematic,κλέος,n,s-stem,2,2
Ἐτεοκλῆς,0,Ἐτεο+κλῆς,ἐτεός,a,thematic,κλέω,v,thematic,2,2
ἑτεραλκής,0,ἑτερ+αλκής,ἕτερος,a,thematic,ἀλκή,n,-ā/a,1,2
Εὐαίμων,0,Εὐ+αίμων,εὖ,d,,αἶμα,n,n-stem,1,2
εὔβοος,1,εὔ+βοος,εὖ,d,,βοῦς,n,u-stem,1,2
εὐγένειος,0,εὐ+γένειος,εὖ,d,,γένειον,n,thematic,1,2
εὔδμητος,0,εὔ+δμητος,εὖ,d,,δέμω,v,thematic,1,2
Εὔδωρος,0,Εὔ+δωρος,εὖ,d,,δῶρον,n,thematic,1,2
εὐειδής,0,εὐ+ειδής,εὖ,d,,εἶδος,n,s-stem,1,2
εὐεργής,0,εὐ+εργής,εὖ,d,,ἔργον,n,thematic,2,2
εὐεργής,0,εὐ+εργής,εὖ,d,,ἔργω,v,thematic,2,2
εὐεργός,0,εὐ+εργός,εὖ,d,,ἔργον,n,thematic,2,2
εὐεργός,0,εὐ+εργός,εὖ,d,,ἔργω,v,thematic,2,2
εὐερκής,0,εὐ+ερκής,εὖ,d,,ἔρκος,n,s-stem,1,2
εὔζωνος,0,εὔ+ζωνος,εὖ,d,,ζώνη,n,-ā/a,1,2
εὐήκης,0,εὐ+ήκης,εὖ,d,,ἀκή,n,-ā/a,1,2
εὔθρονος,0,εὔ+θρονος,εὖ,d,,θρόνος/θρόνον,n,thematic,1,2
Εὔιππος,0,Εὔ+ιππος,εὖ,d,,ἵππος,n,thematic,1,2
εὔκηλος,0,εὔ+κηλος,εὖ,d,,ἕκηλος?,a,thematic,1,2
εὐκλεής,0,εὐ+κλεής,εὖ,d,,κλέος,n,s-stem,2,2
εὐκλεής,0,εὐ+κλεής,εὖ,d,,κλέω,v,thematic,2,2
εὐκνήμις,0,εὐ+κνήμις,εὖ,d,,κνημίς,n,C-stem,1,2
εὔκομος,0,εὔ+κομος,εὖ,d,,κόμη,n,-ā/a,1,2
εὐκτίμενος,0,εὐ+κτίμενος,εὖ,d,,κτίζω,v,thematic,1,2
εὐκτιτος,0,εὐ+κτιτος,εὖ,d,,κτίζω,v,thematic,1,2
εὔκυκλος,0,εὔ+κυκλος,εὖ,d,,κυκλος,n,thematic,1,2
Εὐμήδης,0,Εὐ+μήδης,εὖ,d,,μήδομαι,v,athematic,1,2
Εὔμηλος,0,Εὔ+μηλος,εὖ,d,,μῆλον,n,thematic,1,2
εὐμμελίης,0,εὐ+μμελίης,εὖ,d,,μελία,n,-ā/a,1,2
Εὔνευς,0,Εὔ+νευς,εὖ,d,,ναός?,n,thematic,1,2
εὔνητος,0,εὔ+νητος,εὖ,d,,νέω,v,thematic,1,2
εὐξέστης,0,εὐ+ξέστης,εὖ,d,,ξέω,v,thematic,1,2
εὔξεστος,0,εὔ+ξεστος,εὖ,d,,ξέω,v,thematic,1,2
εὔξοος,0,εὔ+ξοος,εὖ,d,,ξέω,v,thematic,1,2
εὔορμος,0,εὔ+ορμος,εὖ,d,,ὅρμος,n,thematic,1,2
εὐπατέρεια,0,εὐ+πατέρεια,εὖ,d,,πατήρ,n,r-stem,1,2
εὔπεπλος,0,εὔ+πεπλος,εὖ,d,,πέπλος,n,thematic,1,2
εὔπηκτος,0,εὔ+πηκτος,εὖ,d,,πήγνυμι,v,athematic,1,2
εὔπηκτος,0,εὔ+πηκτος,εὖ,d,,πήγνυμι,v,athematic,1,2
εὐπλεκής,0,εὐ+πλεκής,εὖ,d,,πλέκω,v,thematic,1,2
εὔπλεκτος,0,εὔ+πλεκτος,εὖ,d,,πλέκω,v,thematic,1,2
εὔπλοιος,1,εὔ+πλοιος,εὖ,d,,πλέω,v,thematic,1,2
εὐπλόκαμος,0,εὐ+πλόκαμος,εὖ,d,,πλόκαμος,n,thematic,1,2
εὔπρηστος,0,εὔ+πρηστος,εὖ,d,,πρήθω,v,thematic,1,2
εὔπρυμνος,0,εὔ+πρυμνος,εὖ,d,,πρυμνα,n,-ā/a,1,2
εὔπυργος,0,εὔ+πυργος,εὖ,d,,πύργος,n,thematic,1,2
εὐρρεής,0,εὐ+ρρεής,εὖ,d,,ῥέος,n,s-stem,2,2
εὐρρεής,0,εὐ+ρρεής,εὖ,d,,ῥέω,v,thematic,2,2
εὐρρείτης,0,εὐ+ρρείτης,εὖ,d,,ῥέω,v,thematic,1,2
εὔρροος,0,εὔ+ρροος,εὖ,d,,ῥέω,v,thematic,1,2
εὐρυάγυια,0,εὐρυ+άγυια,εὐρύς,a,u-stem,ἄγυια,n,-ā/a,1,2
Εὐρύαλος,0,Εὐρύ+αλος,εὐρύς,a,u-stem,ἅλς?,n,l-stem,1,2
Εὐρυβάτης,0,Εὐρυ+βάτης,εὐρύς,a,u-stem,βαίνω,v,thematic,1,2
Εὐρυδάμας,0,Εὐρυ+δάμας,εὐρύς,a,u-stem,δαμάζω,v,thematic,1,2
Εὐρυμέδων,0,Εὐρυ+μέδων,εὐρύς,a,u-stem,μέδω,v,thematic,1,2
εὐρυμέτωπος,0,εὐρυ+μέτωπος,εὐρύς,a,u-stem,μέτωπον,n,thematic,1,2
εὐρύνομος,1,εὐρύ+νομος,εὐρύς,a,u-stem,νέμω,v,thematic,1,2
εὐρυόδειος,0,εὐρυ+όδειος,εὐρύς,a,u-stem,ὁδός,n,thematic,1,2
εὐρύπορος,0,εὐρύ+πορος,εὐρύς,a,u-stem,πορεύω,v,thematic,1,2
εὐρυπυλής,0,εὐρυ+πυλής,εὐρύς,a,u-stem,πύλη,n,-ā/a,1,2
Εὐρύπυλος,0,Εὐρύ+πυλος,εὐρύς,a,u-stem,πύλη,n,-ā/a,1,2
εὐρυρέεθρος,0,εὐρυ+ρέεθρος,εὐρύς,a,u-stem,ῥεῖθρον,n,thematic,1,2
εὐρυσθενής,0,εὐρυ+σθενής,εὐρύς,a,u-stem,σθένος,n,s-stem,2,2
εὐρυσθενής,0,εὐρυ+σθενής,εὐρύς,a,u-stem,σθένω,v,thematic,2,2
Εὔρυτος,0,Εὔ+ρυτος,εὖ,d,,ῥέω,v,thematic,1,2
εὐρύχορος,0,εὐρύ+χορος,εὐρύς,a,u-stem,χορός?,n,thematic,1,2
εὐρύωψ,0,εὐρύ+ωψ,εὐρύς,a,u-stem,ὤψ,n,C-stem,1,2
εὔσελμος,0,εὔ+σελμος,εὖ,d,,σέλμα,n,n-stem,1,2
εὔσκαρθμος,0,εὔ+σκαρθμος,εὖ,d,,σκαρθμός?,n,thematic,1,2
εὔσκοπος,0,εὔ+σκοπος,εὖ,d,,σκέπτομαι,v,thematic,1,2
Εὔσσωρος,0,Εὔ+σσωρος,εὖ,d,,σωρός,n,thematic,1,2
εὐστέφανος,0,εὐ+στέφανος,εὖ,d,,στέφανος,n,thematic,1,2
εὐστρεφής,0,εὐ+στρεφής,εὖ,d,,στρέφω,v,thematic,1,2
εὐτειχής,0,εὐ+τειχής,εὖ,d,,τεῖχος,n,s-stem,1,2
εὔτειχος,0,εὔ+τειχος,εὖ,d,,τεῖχος,n,s-stem,1,2
εὔτμητος,0,εὔ+τμητος,εὖ,d,,τέμνω,v,thematic,1,2
εὔτρητος,0,εὔ+τρητος,εὖ,d,,τετραίνω,v,thematic,1,2
εὔτροχος,0,εὔ+τροχος,εὖ,d,,τρέχω,v,thematic,1,2
εὔτυκτος,0,εὔ+τυκτος,εὖ,d,,τεύχω,v,thematic,1,2
Εὔφημος,0,Εὔ+φημος,εὖ,d,,φήμη,n,-ā/a,1,2
Εὐφήτης,0,Εὐ+φήτης,εὖ,d,,φημί,v,athematic,1,2
εὐφυής,0,εὐ+φυής,εὖ,d,,φύη,n,-ā/a,1,2
εὔχαλκος,0,εὔ+χαλκος,εὖ,d,,χαλκός,n,thematic,1,2
Εὐχήνωρ,0,Εὐχ+ήνωρ,εὐχή,n,-ā/a,ἀνήρ,n,r-stem,1,2
εὐώδης,0,εὐ+ώδης,εὖ,d,,ὀδμή?,n,-ā/a,1,2
Ἐχεκλέης,0,Ἐχε+κλέης,ἔχω,v,thematic,κλέος,n,s-stem,1,2
Ἐχέμμων,0,Ἐχέ+μμων,ἔχω,v,thematic,?,?,,1,2
ἐχεπευκής,0,ἐχε+πευκής,ἔχω,v,thematic,πευκή,n,-ā/a,1,2
Ἐχέπωλος,0,Ἐχέ+πωλος,ἔχω,v,thematic,πῶλος,n,thematic,1,2
ἐχέφρων,0,ἐχέ+φρων,ἔχω,v,thematic,φρήν,n,n-stem,1,2
ἑωσφόρος,0,ἑωσ+φόρος,ἕως,n,s-stem,φέρω,v,thematic,1,2
ζάθεος,0,ζά+θεος,διά,r,,θεός,n,thematic,1,2
ζάκοτον,0,ζά+κοτον,διά,r,,κότος,n,thematic,1,2
ζατρεφής,0,ζα+τρεφής,διά,r,,τρέφω,v,thematic,1,2
ζαφλεγής,0,ζα+φλεγής,διά,r,,φλέγω,v,thematic,1,2
ζαχρηής,0,ζα+χρηής,διά,r,,χραύω,v,thematic,1,2
ζείδωρος,0,ζεί+δωρος,ζέα,n,-ā/a,δῶρον,n,thematic,1,2
ζυγόδεσμον,0,ζυγό+δεσμον,ζυγόν,n,thematic,δεσμός,n,thematic,1,2
ζωάγρια,0,ζω+άγρια,ζωός,n,thematic,ἄγρα,n,-ā/a,1,2
ἠγάθεος,0,ἠγά+θεος,ἀγα-,d,,θεός,n,thematic,1,2
ἡδυεπής,0,ἡδυ+επής,ἡδύς,a,u-stem,ἔπος,n,s-stem,1,2
ἠερίβοιος,1,ἠερί+βοιος,ἦρι,d,,βοῦς,n,u-stem,1,2
ἠεροειδής,0,ἠερο+ειδής,ἀήρ,n,r-stem,εἶδος,n,s-stem,1,2
ἠεροφοῖτις,0,ἠερο+φοῖτις,ἀήρ,n,r-stem,φοιτάω?,v,thematic,1,2
ἠερόφωνος,0,ἠερό+φωνος,ἀήρ,n,r-stem,φωνή,n,-ā/a,1,2
ἠλίβατος,0,ἠλί+βατος,ἠλι-?,?,,βαίνω,v,thematic,1,2
ἠλιτόμηνος,0,ἠλιτό+μηνος,ἄλιτος,a,thematic,μήν,n,n-stem,1,2
ἡμίθεος,0,ἡμί+θεος,ἡμι-,m,,θεός,n,thematic,1,2
ἡμίονος,0,ἡμί+ονος,ἡμι-,m,,ὄνος,n,thematic,1,2
ἡμιπέλεκκον,0,ἡμι+πέλεκκον,ἡμι-,m,,πέλεκκον,n,thematic,1,2
ἡμιτάλαντος,0,ἡμι+τάλαντος,ἡμι-,m,,τάλαντον,n,thematic,1,2
ἡμιτελής,0,ἡμι+τελής,ἡμι-,m,,τέλος,n,s-stem,1,2
ἡνίοχος,0,ἡνί+οχος,ἡνία,n,thematic,ἔχω,v,thematic,1,2
ἠπιόδωρος,0,ἠπιό+δωρος,ἤπιος,a,thematic,δῶρον,n,thematic,1,2
Ἡρακλῆς,1,Ἡρα+κλῆς,Ἡρα?,n,-ā/a,κλέος,n,s-stem,2,2
Ἡρακλῆς,1,Ἡρα+κλῆς,Ἡρα?,n,-ā/a,κλέω,v,thematic,2,2
ἠριγενής,1,ἠρι+γενής,ἦρι,d,,γίγνομαι,v,thematic,1,2
θεόδμητος,0,θεό+δμητος,θεός,n,thematic,δέμω,v,thematic,1,2
θεοειδής,0,θεο+ειδής,θεός,n,thematic,εἶδος,n,s-stem,1,2
θεοείκελος,0,θεο+είκελος,θεός,n,thematic,εἴκελος,a,thematic,1,2
θεόπροπος,0,θεό+προπος,θεός,n,thematic,πρέπω,v,thematic,1,2
Θερσίλοχος,0,Θερσί+λοχος,θάρσος,n,s-stem,λοχεύω,v,thematic,1,2
θέσκελος,0,θέσ+κελος,θεός,n,thematic,κέλομαι,v,thematic,1,2
θεσπιδαής,0,θεσπι+δαής,θέσπις,n,i-stem,δαίω,v,thematic,1,2
θέσφατος,0,θέσ+φατος,θεός,n,thematic,φημί,v,athematic,1,3
θρασυκάρδιος,0,θρασυ+κάρδιος,θρασύς,a,u-stem,καρδία,n,-ā/a,1,2
θρασυμέμνων,0,θρασυ+μέμνων,θρασύς,a,u-stem,μένω,v,thematic,1,2
Θρασυμήδης,0,Θρασυ+μήδης,θρασύς,a,u-stem,μήδομαι,v,athematic,1,2
Θρασύμηλος,0,Θρασύ+μηλος,θρασύς,a,u-stem,μῆλον,n,thematic,1,2
θυμαλγής,0,θυμ+αλγής,θυμός,n,thematic,ἄλγος,n,s-stem,1,2
θυμαρής,0,θυμ+αρής,θυμός,n,thematic,ἀραρίσκω,v,thematic,1,2
θυμοβόρος,0,θυμο+βόρος,θυμός,n,thematic,βιβρώσκω,v,thematic,1,2
θυμολέων,0,θυμο+λέων,θυμός,n,thematic,λέων,n,n-stem,1,2
θυμοραϊστής,0,θυμο+ραϊστής,θυμός,a,thematic,ῥαίω,v,thematic,1,2
θυμοφθόρος,0,θυμο+φθόρος,θυμός,n,thematic,φθείρω,v,thematic,1,2
θυοσκόος,0,θυοσ+κόος,θύος,n,s-stem,κοέω,v,thematic,1,2
θυραωρός,0,θυρα+ωρός,θύρα,n,-ā/a,ἐρύω,v,thematic,3,2
θυραωρός,0,θυρα+ωρός,θύρα,n,-ā/a,ὁράω,v,thematic,3,2
θυραωρός,0,θυρα+ωρός,θύρα,n,-ā/a,οὐροί,n,thematic,3,2
Ἰλιονεύς,0,Ἰλιο+νεύς,Ἴλιον,n,thematic,ναός?,n,thematic,1,2
ἰοδόκος,0,ἰο+δόκος,ἰός,n,thematic,δέχομαι,v,thematic,1,2
ἰόμωρος,0,ἰό+μωρος,ἰός,n,thematic,μωρος?,?,,1,2
ἰοχέαιρα,0,ἰο+χέαιρα,ἰός,n,thematic,χείρ,n,r-stem,1,2
ἱππηλάτης,0,ἱππ+ηλάτης,ἵππος,n,thematic,ἐλαύνω,v,thematic,1,2
ἱππημολγός,0,ἱππ+ημολγός,ἵππος,n,thematic,ἀμέλγω,v,thematic,1,2
ἱππιοχαίτης,0,ἱππιο+χαίτης,ἵππος,n,thematic,χαίτη,n,-ā/a,1,2
ἱππιοχάρμη,0,ἱππιο+χάρμη,ἵππος,n,thematic,χάρμη,n,-ā/a,1,2
ἱππόβοτος,0,ἱππό+βοτος,ἵππος,n,thematic,βώσκω,v,thematic,1,2
ἱππόδαμος,0,ἱππό+δαμος,ἵππος,n,thematic,δαμάζω,v,thematic,1,2
ἱπποδασύς,0,ἱππο+δασύς,ἵππος,n,thematic,δασύς,a,u-stem,1,2
Ἱππόθοος,0,Ἱππό+θοος,ἵππος,n,thematic,θέω,v,thematic,1,2
ἱπποκέλευθος,0,ἱππο+κέλευθος,ἵππος,n,thematic,κέλευθος,n,thematic,1,2
ἱππόκομος,0,ἱππό+κομος,ἵππος,n,thematic,κόμη,n,-ā/a,1,2
ἱπποκορυστής,0,ἱππο+κορυστής,ἵππος,n,thematic,κορυστής,n,-ā/a,1,2
Ἱπποκόων,0,Ἱππο+κόων,ἵππος,n,thematic,κοέω,v,thematic,1,2
Ἱππόλοχος,0,Ἱππό+λοχος,ἵππος,n,thematic,λέχομαι,v,thematic,1,2
ἱππόμαχος,0,ἱππό+μαχος,ἵππος,n,thematic,μάχομαι,v,thematic,1,2
ἱπποπόλος,0,ἱππο+πόλος,ἵππος,n,thematic,πέλω,v,thematic,1,2
ἵππουρις,0,ἵππ+ουρις,ἵππος,n,thematic,οὐρά,n,-ā/a,1,2
Ἴσανδρός,0,Ἴσ+ανδρός,ἶσος,a,thematic,ἀνήρ,n,r-stem,1,2
ἰσόθεος,0,ἰσό+θεος,ἵσος,a,thematic,θεός,n,thematic,1,2
ἰσόμορος,0,ἰσό+μορος,ἶσος,a,thematic,μείρομαι,v,thematic,1,2
ἰσόπεδος,0,ἰσό+πεδος,ἶσος,a,thematic,πέδον,n,thematic,1,2
ἱστοδόκη,0,ἱστο+δόκη,ἱστός,n,thematic,δέχομαι,v,thematic,1,2
Ἰφιάνασσα,0,Ἰφι+άνασσα,ἶφι,d,,ἄναξ,n,C-stem,1,2
Ἰφιδάμας,0,Ἰφι+δάμας,ἶφι,d,,δαμάζω,v,thematic,1,2
Ἰφικλῆς,1,Ἰφι+κλῆς,ἶφι,d,,κλέος,n,s-stem,2,2
Ἰφικλῆς,1,Ἰφι+κλῆς,ἶφι,d,,κλέω,v,thematic,2,2
Ἰφίνοος,0,Ἰφί+νοος,ἶφι,d,,νοῦς,n,u-stem,1,2
κακομήχανος,0,κακο+μήχανος,κακός,a,thematic,μηχανή,n,-ā/a,1,2
κακορραφος,1,κακο+ρραφος,κακός,a,thematic,ῥάπτω,v,thematic,1,2
κακότεχνος,0,κακό+τεχνος,κακός,a,thematic,τέχνη,n,-ā/a,1,2
κακοφραδής,0,κακο+φραδής,κακός,a,thematic,φράζω,v,thematic,1,2
καλαῦροψ?,0,καλαῦροψ?,καλα-?,?,,ῥέπω?,v,thematic,1,2
Καλλιάνασσα,0,Καλλι+άνασσα,κάλλος,n,s-stem,ἄναξ,n,C-stem,1,2
καλλιγύναιξ,0,καλλι+γύναιξ,κάλλος,n,s-stem,γύναιξ,n,C-stem,1,2
καλλίζωνος,0,καλλί+ζωνος,κάλλος,n,s-stem,ζώνη,n,-ā/a,1,2
καλλίθριξ,0,καλλί+θριξ,κάλλος,n,s-stem,θρίξ,n,C-stem,1,2
Καλλικολώνη,0,Καλλι+κολώνη,κάλλος,n,s-stem,κολώνη,n,-ā/a,1,2
καλλίκομος,0,καλλί+κομος,κάλλος,n,s-stem,κόμη,n,-ā/a,1,2
καλλίπαις,0,καλλί+παις,κάλλος,n,s-stem,παῖς,n,C-stem,1,2
καλλιπάρῃος,0,καλλι+πάρῃος,κάλλος,n,s-stem,παρειά,n,thematic,1,2
καλλιπλόκαμος ,0,καλλι+πλόκαμος ,κάλλος,n,s-stem,πλόκαμος,n,thematic,1,2
καλλίρροος,0,καλλί+ρροος,κάλλος,n,s-stem,ῥέω,v,thematic,1,2
καλλίσφυρος,0,καλλί+σφυρος,κάλλος,n,s-stem,σφυρόν,n,thematic,1,2
κάμμονος,1,κάμ+μονος,κατά,r,,μένω,v,thematic,1,2
καρτερόθυμος,0,καρτερό+θυμος,καρτερός,a,thematic,θυμός,n,thematic,1,2
καρχαρόδων,0,καρχαρ+όδων,κάρχαρος,a,thematic,ὀδών,n,n-stem,1,2
κασίγνητος,0,κασί+γνητος,κασι-?,?,,γίγνομαι,v,thematic,1,2
Κασσάνδρη,0,Κασσ+άνδρη,κέκασμαι?,v,athematic,ἀνήρ,n,r-stem,1,2
Καστιάνειρα,0,Καστ+ανειρα,κέκασμαι?,v,athematic,ἀνήρ,n,r-stem,1,2
καταθνητός,0,κατα+θνητός,κατά,r,,θνήσκω,v,thematic,1,2
καταθύμιος,0,κατα+θύμιος,κατά,r,,θυμός,n,thematic,1,2
κατάπαυμα,0,κατά+παυμα,κατἀ,r,,παύω,v,thematic,1,2
καταχθόνιος,0,κατα+χθόνιος,κατά,r,,χθών,n,n-stem,1,2
κατωμάδιος,0,κατ+ωμάδιος,κατά,r,,ὦμος,n,thematic,1,2
κατωμαδόν,0,κατ+ωμαδόν,κατά,r,,ὦμος,n,thematic,1,2
κεκρύφαλος,0,κεκρύ+φαλος,κεκρυ-,?,,φαλός,n,thematic,1,2
κελαινεφής,0,κελαι+νεφής,κελαινός,a,thematic,νέφος,n,s-stem,1,2
κενεαυχής,0,κενε+αυχής,κενός,a,thematic,αὔχη,n,-ā/a,1,2
κεντρηνεκής,0,κεντρ+ηνεκής,κέντρον,n,thematic,ἐνεγκεῖν,v,?,1,2
κεραοξόος,0,κεραο+ξόος,κέρας,n,s-stem,ξέω,v,thematic,1,2
κερδαλεόφρων,0,κερδαλεό+φρων,κερδαλέος,a,s-stem,φρήν,n,n-stem,1,2
κηρεσσιφόρητος,0,κηρεσσι+φόρητος,Κῆρες,n,r-stem,φορέω,v,thematic,1,2
Κλεοπάτρα,0,Κλεο+πάτρα,κλεός,n,s-stem,πατήρ,n,r-stem,1,2
Κλυταιμνήστρης,0,Κλυται+μνήστρης,κλυτός,a,thematic,μνηστεύω,v,thematic,1,2
Κλυτομήδης,0,Κλυτο+μήδης,κλυτός,a,thematic,μήδομαι,v,athematic,1,2
κλυτόπωλος,0,κλυτό+πωλος,κλυτός,a,thematic,πῶλος,n,thematic,1,2
κλυτοτέχνης,0,κλυτο+τέχνης,κλυτός,a,thematic,τέχνη,n,-ā/a,1,2
κλυτότοξος,0,κλυτό+τοξος,κλυτός,a,thematic,τόξον,n,thematic,1,2
κονίσαλος,0,κονί+σαλος,κόνις,n,i-stem,σάλος,n,thematic,1,2
κορυθαίολος,0,κορυθ+αίολος,κόρυς,n,C-stem,αἰόλος,a,thematic,1,2
κοτυλήρυτος,0,κοτυλ+ήρυτος,κοτύλη,n,-ā/a,ἀρύω,v,thematic,1,2
κραταιγύαλος,0,κραται+γύαλος,κράτος,n,s-stem,γύη,n,-ā/a,1,2
κρατερόφρων,0,κρατερό+φρων,κρατερός,a,thematic,φρήν,n,n-stem,1,2
κρατερῶνυξ,0,κρατερ(ό+ο)νυξ,κρατερός,a,thematic,ὄνυξ,n,C-stem,1,2
κροκόπεπλος,0,κροκό+πεπλος,κρόκος,n,thematic,πέπλος,n,thematic,1,2
κυανόπρῳρος,0,κυανό+πρῳρος,κύανος,n,thematic,πρῴρη,n,-ā/a,1,2
κυανοχαίτης,0,κυανο+χαίτης,κύανος,n,thematic,χαίτη,n,-ā/a,1,2
κυδιάνειρα,0,κυδι+άνειρα,κύδος,n,s-stem,ἀνήρ,n,r-stem,1,2
κυκλοτερής,0,κυκλο+τερής,κύκλος,n,thematic,τείρω,v,thematic,1,2
κυλλοποδίων,0,κυλλο+ποδίων,κυλλός,a,thematic,ποῦς,n,C-stem,1,2
κυμόδοκος,1,κυμό+δοκος,κῦμα,n,n-stem,δέχομαι,v,thematic,1,2
Κυμόθοος,0,Κυμό+θοος,κῦμα,n,n-stem,θέω,v,thematic,1,2
κυνάμυια,0,κυνά+μυια,κύων,n,C-stem,μυῖα,n,-ā/a,1,2
κύνωψ,1,κύν+ωψ,κύων,n,C-stem,ὤψ,n,C-stem,1,2
λαβραγόρης,0,λαβρ+αγόρης,λάβρος,a,thematic,ἀγορεύω,v,thematic,1,2
Λαέρκης,0,Λα+έρκης,λαός,n,thematic,ἔρκος,n,s-stem,1,2
λαθικηδής,0,λαθι+κηδής,λανθάνω,v,thematic,κῆδος,n,s-stem,1,2
Λαοδάμας,0,Λαο+δάμας,λαός,n,thematic,δαμάζω,v,thematic,1,2
Λαοδίκη,0,Λαο+δίκη,λαός,n,thematic,δίκη,n,-ā/a,1,2
Λαόδοκος,0,Λαό+δοκος,λαός,n,thematic,δέχομαι,v,thematic,1,2
λαόθοος,1,λαό+θοος,λαός,n,thematic,θέω,v,thematic,1,2
Λαομέδων,0,Λαο+μέδων,λαός,n,thematic,μέδω,v,thematic,1,2
λαοσσόος,0,λαο+σσόος,λαός,n,thematic,σεύω,v,thematic,1,2
λαοφόρος,0,λαο+φόρος,λαός,n,thematic,φέρω,v,thematic,1,2
Λειώκριτος,0,Λειώ+κριτος,λαός,n,thematic,κρίνω,v,thematic,1,2
λεύκασπις,0,λεύκ+ασπις,λευκός,a,thematic,ἀσπίς,n,C-stem,1,2
λευκώλενος,0,λευκ+ώλενος,λευκός,a,thematic,ὠλένη,n,-ā/a,1,2
λεχεποίος?,0,λεχε+ποίος?,λέχομαι?,v,thematic,πόα,n,-ā/a,1,2
λιγύφθογγος,0,λιγύ+φθογγος,λιγύς,a,u-stem,φθέγγομαι,v,thematic,1,2
λιγύφωνος,0,λιγύ+φωνος,λιγύς,a,u-stem,φωνή,n,-ā/a,1,2
λίμνωρος,1,λίμν+ωρος,λίμνη,n,-ā/a,ὄρος?,?,-ā/a,1,2
λινοθώρηξ,0,λινο+θώρηξ,λίνον,n,thematic,θώρηξ,n,C-stem,1,2
λιπαροκρήδεμνος,0,λιπαρο+κρήδεμνος,λιπαρός,a,thematic,κρήδεμνον,n,thematic,1,2
λιπαροπλόκαμος,0,λιπαρο+πλόκαμος,λιπαρός,a,thematic,πλόκαμος,n,thematic,1,2
λοετροχόος,0,λοετρο+χόος,λοετρόν,n,thematic,χέω,v,thematic,1,2
Λυκηγενής,0,Λυκη+γενής,Λυκία?,n,-ā/a,γίγνομαι,v,thematic,1,2
Λυκομήδης,0,Λυκο+μήδης,λύκος,n,thematic,μήδομαι,v,athematic,1,2
Λυκοφόντης,0,Λυκο+φόντης,λύκος,n,thematic,θείνω,v,thematic,1,2
Λυκόφρων,0,Λυκό+φρων,λύκος?,n,thematic,φρήν,n,n-stem,1,2
Λύσανδρος,0,Λύσ+ανδρος,λύω,v,thematic,ἀνήρ,n,r-stem,1,2
μεγάθυμος,0,μεγά+θυμος,μέγας,a,l-stem,θυμός,n,thematic,1,2
μεγάκητος,0,μεγά+κητος,μέγας,a,l-stem,κῆτος,n,s-stem,1,2
μεγαλήτωρ,0,μεγαλ+ήτωρ,μέγας,a,l-stem,ἦτορ,n,r-stem,1,2
μελάνδετος,0,μελάν+δετος,μέλας,a,n-stem,δέω,v,thematic,1,2
Μελάνιππος,0,Μελάν+ιππος,μέλας,a,n-stem,ἵππος,n,thematic,1,2
μελανόχρως,0,μελανό+χρως,μέλας,a,n-stem,χρώς,n,s-stem,1,2
μελάνυδρος,0,μελάν+υδρος,μέλας,a,n-stem,ὕδωρ,n,r-stem,1,2
μελιηδής,0,μελι+ηδής,μέλι,n,i-stem,ἧδος,n,s-stem,1,2
μελίφρων,0,μελί+φρων,μέλι,n,i-stem,φρήν,n,n-stem,1,2
μενεδήϊος,0,μενε+δήϊος,μένω,v,thematic,δάϊος,n,thematic,1,2
Μενέλαος,0,Μενέ+λαος,μένω,v,thematic,λάος,n,thematic,1,2
μενεπτόλεμος,0,μενε+πτόλεμος,μένω,v,thematic,πόλεμος,n,thematic,1,2
Μενεσθένης,1,Μενε+σθένης,μένω,v,thematic,σθένος,n,s-stem,1,2
Μενεσθένης,1,Μενε+σθένης,μένω,v,thematic,σθένω,v,thematic,,
μενεχάρμαι,0,μενε+χάρμαι,μένω,v,thematic,χάρμη,n,-ā/a,1,2
μενοεικής,0,μενο+εικής,μένος,n,thematic,εἰκός,n,C-stem,2,2
μενοεικής,0,μενο+εικής,μένος,n,thematic,ἔοικα,v,?,2,2
μέροψ,0,μέρ+οψ,μέρος?,n,thematic,ὄψ,n,C-stem,1,2
μεσαιπόλιος,0,μεσαι+πόλιος,μέσος,a,thematic,πολιός,a,thematic,1,2
μέσσαυλος,0,μέσσ+αυλος,μέσος,a,thematic,αὐλή,n,-ā/a,1,2
μεσσοπαγής,0,μεσσο+παγής,μέσος ,a,thematic,πήγνυμι,v,athematic,1,2
μετάγγελος,0,μετ+άγγελος,μετά,r,,ἄγγελος,n,thematic,1,2
μετάδρομος,1,μετά+δρομος,μετά,r,,δραμεῖν,v,?,1,2
μεταμάζιος,0,μετα+μάζιος,μετά,r,,μαζός,n,thematic,1,2
μεταπαυσωλή,0,μετα+παυσωλή,μετά,r,,παύω,v,thematic,1,2
μεταστοιχός,1,μετα+στοιχός,μετά,r,,στείχω,v,thematic,1,2
μετάφρενον,0,μετά+φρενον,μετά,r,,φρήν,n,n-stem,1,2
μετήορος,0,μετ+ήορος,μετά,r,,ἀείρω,v,thematic,1,2
Μηδεσικάστη?,0,Μηδεσι+κάστη?,μήδομαι,v,thematic,κέκασμαι?,v,athematic,1,2
μηλοβοτήρ,0,μηλο+βοτήρ,μῆλον,n,thematic,βώσκω,v,thematic,1,2
μιαιφόνος,0,μιαι+φόνος,μιαι-?,?,,θείνω,v,thematic,1,2
μιλτοπάρῃος,0,μιλτο+πάρῃος,μίλτος,n,thematic,παρειά,n,thematic,1,2
μισγαγκής,1,μισγ+αγκής,μίσγω,v,thematic,ἄγκος,n,s-stem,1,2
-μιτροχίτων,0,-μιτρο+χίτων,μίτρη,n,-ā/a,χίτων,n,n-stem,1,2
μογοστόκος,0,μογο+στόκος,μόγος,n,thematic,τίκτω,v,thematic,1,2
μοιρηγενής,0,μοιρη+γενής,μοῖρα,n,-ā/a,γίγνομαι,v,thematic,1,2
μυλοειδής,0,μυλο+ειδής,μύλος,n,thematic,εἶδος,n,s-stem,1,2
μῶνυξ,0,μ[ον](ό+ο)νυξ,μόνος,a,thematic,ὄνυξ,n,C-stem,1,2
Ναυβολος,0,Ναυ+βολος,ναῦς,n,u-stem,βάλλω,v,thematic,1,2
ναύμαχος,0,ναύ+μαχος,ναῦς,n,u-stem,μάχομαι,v,thematic,1,2
νέηλυς,0,νέ+ηλυς,νεός,a,thematic,ἠλυθεῖν,v,athematic,1,2
νεοαρδής,0,νεο+αρδής,νεός,a,thematic,ἄρδω,v,thematic,1,2
νεοθηλής,0,νεο+θηλής,νεός,a,thematic,θάλλω,v,thematic,1,2
Νεοπτόλεμος,0,Νεο+πτόλεμος,νέος,a,thematic,πόλεμος,n,thematic,1,2
νεόσμηκτος,0,νεό+σμηκτος,νεός,a,thematic,σμήχω,v,thematic,1,2
νεόστροφος,0,νεό+στροφος,νεός,a,thematic,στρέφω,v,thematic,1,2
νεότευκτος,0,νεό+τευκτος,νεός,a,thematic,τεύχω,v,thematic,1,2
νεοτευχής,0,νεο+τευχής,νεός,a,thematic,τεύχω,v,thematic,1,2
νεφεληγερέτα,0,νεφελ+ηγερέτα,νεφέλη,n,-ā/a,ἀγείρω,v,thematic,1,2
νηκερδής,0,νη+κερδής,ἀ/ἀν,d,,κέρδος,n,s-stem,1,2
νημερτής,0,ν+ημερτής,ἀ/ἀν,d,,ἁμαρτάνω,v,thematic,1,2
νήνεμος,0,ν+ήνεμος,ἀ/ἀν,d,,ἄνεμος,n,thematic,1,2
-νήριτος,0,-ν+ήριτος,ἀ/ἀν,d,,ἀρι- ?,v,?,1,2
νώνυμνος,0,ν+ώνυμνος,ἀ/ἀν,d,,ὄνομα,n,n-stem,1,2
Νώροψ,0,Νώρ+οψ,νω-?,?,,ὄψ,n,C-stem,1,2
ξεινοδόκος,0,ξεινο+δόκος,ξένος,n,thematic,δέχομαι,v,thematic,1,2
ξύλοχος,0,ξύλ+οχος,ξύλον,n,thematic,ἔχω,v,thematic,1,2
ὀβριμοεργός,0,ὀβριμο+εργός,ὄβριμος,a,thematic,ἔργον,n,thematic,2,2
ὀβριμοεργός,0,ὀβριμο+εργός,ὄβριμος,a,thematic,ἔργω,v,thematic,2,2
ὀβριμοπάτρη,0,ὀβριμο+πάτρη,ὄβριμος,a,thematic,πατήρ,n,r-stem,1,2
ὀγδώκοντα ,0,ὀγδώ+κοντα ,ὀκτώ,m,,ἑκατόν,m,,1,2
ὁδοιπόρος,0,ὁδοι+πόρος,ὁδός,n,thematic,πορεύω,v,thematic,1,2
ὀδυνήφατος,0,ὀδυνή+φατος,ὀδύνη,n,-ā/a,φημί,v,athematic,1,2
Ὀθρυονεύς,0,Ὀθρυο+νεύς,Ὄθρυς?,a,u-stem,ναός?,n,thematic,1,2
Οἰδίπους,0,Οἰδί+πους,οἰδέω?,v,thematic,ποῦς,n,C-stem,1,2
οἰνοβαρής,0,οἰνο+βαρής,οἶνος,n,thematic,βάρος,n,s-stem,1,2
Οἰνόμαος,0,Οἰνό+μαος,οἶνος,n,thematic,μαίομαι,v,thematic,1,2
οἰνόπεδον,0,οἰνό+πεδον,οἶνος,n,thematic,πέδον,n,thematic,1,2
οἰνοχόος,0,οἰνο+χόος,οἶνος,n,thematic,χέω,v,thematic,1,2
οἶνοψ,0,οἶν+οψ,οἶνος,n,thematic,ὄψ,n,C-stem,1,2
οἰοπόλος,0,οἰο+πόλος,οἶος,n,thematic,πέλω,v,thematic,1,2
οἰωνοπόλος,0,οἰωνο+πόλος,οἰωνός,n,thematic,πέλω,v,thematic,1,2
ὀκτάκνημος,0,ὀκτά+κνημος,ὀκτώ,m,,κνήμη,n,-ā/a,1,2
ὀλβιόδαιμος,0,ὀλβιό+δαιμος,ὄλβιος,a,thematic,δαίμων,n,n-stem,1,2
ὀλοοίτροχος,0,ὀλοοί+τροχος,ὀλοός,a,thematic,τρέχω,v,thematic,1,2
ὀλοόφρων,0,ὀλοό+φρων,ὀλοός,a,thematic,φρήν,n,n-stem,1,2
ὁμηγερής,0,ὁμ+ηγερής,ὁμός,a,thematic,ἀγείρω,v,thematic,1,2
ὁμῆλιξ,0,ὁμ+ῆλιξ,ὁμός,a,thematic,ἧλιξ,n,C-stem,1,2
ὁμογάστριος,0,ὁμο+γάστριος,ὁμός,a,thematic,γαστήρ,n,r-stem,1,2
ὁμοκλητήρ,0,ὁμο+κλητήρ,ὁμός,a,thematic,κλέω,v,thematic,1,2
ὁμότιμος,0,ὁμό+τιμος,ὁμός,a,thematic,τίμη,n,-ā/a,1,2
ὁμόφρων,0,ὁμό+φρων,ὁμός,a,thematic,φρήν,n,n-stem,1,2
ὀνειροπόλος,0,ὀνειρο+πόλος,ὄνειρος,n,thematic,πέλω,v,thematic,1,2
ὀνομάκλυτος,0,ὀνομά+κλυτος,ὄνομα,n,n-stem,κλύω,v,thematic,1,2
ὀξυβελής,0,ὀξυ+βελής,ὀξύς,a,u-stem,βέλος,n,s-stem,1,2
Ὀρέσβιος,0,Ὀρέσ+βιος,ὄρος,n,s-stem,βίος,n,thematic,1,2
ὀρεσίτροφος,0,ὀρεσί+τροφος,ὄρος,n,s-stem,τρέφω,v,thematic,1,2
ὀρεσκῷος,0,ὀρεσ+κῷος,ὄρος,n,s-stem,κεῖμαι,v,athematic,1,2
ὀρθόκραιρος,0,ὀρθό+κραιρος,ὀρθός,a,thematic,κέρας,n,s-stem,1,2
Ὀρσίλοχος,0,Ὀρσί+λοχος,ὄρνυμι,v,athematic,λόχος,n,thematic,1,2
Ὀρτίλοχος,0,Ὀρτί+λοχος,ὄρνυμι,v,athematic,λόχος,n,thematic,1,2
οὐδενόσωρα,0,οὐδενό+σωρα,οὐδείς,a,n-stem,ὤρα,n,-ā/a,1,2
οὐλοχύτης,0,οὐλο+χύτης,οὐλαί,n,-ā/a,χέω,v,thematic,1,2
ὀψίγονoς,0,ὀψί+γονoς,ὀψέ,d,,γίγνομαι,v,thematic,1,2
παγχάλκης,0,παγ+χάλκης,πᾶς,a,n-stem,χαλκός,n,thematic,1,2
παγχρύσεος,0,παγ+χρύσεος,πᾶς,a,n-stem,χρυσός,n,thematic,1,2
παιδοφόνος,0,παιδο+φόνος,παῖς,n,n-stem,θείνω,v,thematic,1,2
παλαιγενής,0,παλαι+γενής,παλαιός,a,thematic,γίγνομαι,v,thematic,1,2
παλίλλογος,0,παλίλ+λογος,πάλιν,d,,λέγω,v,thematic,1,2
παλιμπετής,0,παλιμ+πετής,πάλιν,d,,πίπτω,v,thematic,1,2
παλίντονος,0,παλίν+τονος,πάλιν,d,,τείνω,v,thematic,1,2
παλίωξις,0,παλί+ωξις,πάλιν,r,,ἰωκή,n,-ā/a,1,2
πάμπαν,0,πάμ+παν,πᾶς,a,n-stem,πᾶς,a,n-stem,1,2
παμποίκιλος,0,παμ+ποίκιλος,πᾶς,a,n-stem,ποικίλος,n,thematic,1,2
πάμπρωτος,0,πάμ+πρωτος,πᾶς,a,n-stem,πρῶτος,a,thematic,1,2
πάναγρος,0,πάν+αγρος,πᾶς,a,n-stem,ἄγρα,n,-ā/a,1,2
πάναιθος,0,πάν+αιθος,πᾶς,a,n-stem,αἰθός,a,thematic,1,2
παναίολος,0,παν+αίολος,πᾶς,a,n-stem,αἰόλος,a,thematic,1,2
πανάποτμος,0,παν+άποτμος,πᾶς,a,n-stem,ἄποτμος,a,thematic,1,2
παναφῆλιξ,0,παν+αφῆλιξ,πᾶς,a,n-stem,-αφῆλιξ,a,C-stem,1,3
Παναχαιοί,0,Παν+αχαιοί,πᾶς,a,n-stem,Ἀχαιός,n,thematic,1,2
παναώριος,0,παν+αώριος,πᾶς,a,n-stem,ἄωρος,a,thematic,1,3
πανδαμάτωρ,0,παν+δαμάτωρ,πᾶς,a,n-stem,δαμάζω,v,thematic,1,2
Πάνδοκος,0,Πάν+δοκος,πᾶς,a,n-stem,δέχομαι,v,thematic,1,2
Πανέλληνες,0,Παν+έλληνες,πᾶς,a,n-stem,Ἕλλην,n,n-stem,1,2
πανημέριος,0,παν+ημέριος,πᾶς,a,n-stem,ἦμαρ,n,r-stem,1,2
Πάνθοος,0,Πάν+θοος,πᾶς,a,n-stem,θέω,v,thematic,1,2
παννύχιος,0,παν+νύχιος,πᾶς,a,n-stem,νύξ,n,C-stem,1,2
πάννυχος,0,πάν+νυχος,πᾶς,a,n-stem,νύξ,n,C-stem,1,2
πανομφαῖος,0,παν+ομφαῖος,πᾶς,a,n-stem,ὀμφή,n,-ā/a,1,2
Πανοπεύς,0,Παν+οπεύς,πᾶς,a,n-stem,ὄψ?,n,C-stem,1,2
πανόψιος,0,παν+όψιος,πᾶς,a,n-stem,ὄψις,n,i-stem,1,2
πανσυδίᾳ,0,παν+συδίᾳ,πᾶς,a,n-stem,σεύω,v,thematic,1,2
παραβλώψ,0,παρα+βλώψ,παρά,r,,βλέπω,v,thematic,1,2
παραιβάτης,0,παραι+βάτης,παρά,r,,βαίνω,v,thematic,1,2
παραίσιος,0,παρ+αίσιος,παρά,r,,αἴσιος,a,thematic,1,2
παραίφασις,0,παραί+φασις,παρά,r,,φημί,v,athematic,1,2
παράκοιτος,0,παρά+κοιτος,παρά,r,,κοιτίς/κοῖτος,n,thematic,1,2
παραρρητός,0,παρα+ρρητός,παρά,r,,ἐρῶ,v,athematic,1,2
παρασταδόν,0,παρα+σταδόν,παρά,r,,ἵστημι,v,athematic,1,2
παρήορος,0,παρ+ήορος,παρά,r,,ἀείρω,v,thematic,1,2
παρθενοπίπης,0,παρθενο+πίπης,παρθένος,n,thematic,ὀπιπεύω,v,thematic,1,2
πατροκασίγνητος,0,πατρο+κασίγνητος,πατήρ,n,r-stem,κασίγνητος,n,thematic,1,3
Πατροκλῆς,1,Πατρο+κλῆς,πατήρ,n,r-stem,κλέος,n,s-stem,2,2
Πατροκλῆς,1,Πατρο+κλῆς,πατήρ,n,r-stem,κλέω,v,thematic,2,2
Πειρίθοος,0,Πειρί+θοος,περί,r,,θέω,v,thematic,1,2
Πείσανδρος,0,Πείσ+ανδρος,πείθω,v,thematic,ἀνήρ,n,r-stem,1,2
Πεισήνωρ,0,Πεισ+ήνωρ,πείθω,v,thematic,ἀνήρ,n,r-stem,1,2
πεμπώβολον,0,πεμπ(ο+ό)βολον,πέμπτος,m,,ὀβελός,n,thematic,1,2
πενταέτηρος,0,πεντα+έτηρος,πέντε,m,,ἔτος,n,s-stem,1,2
πεντήκοντα,0,πεντή+κοντα,πέντε,m,,ἑκατόν,m,,1,2
πεντηκοντόγυος,0,πεντηκοντό+γυος,πεντήκοντα,m,,γύη,n,-ā/a,1,2
περίβοιος,1,περί+βοιος,περί,r,,βοῦς,n,u-stem,1,2
περιγλαγής,0,περι+γλαγής,περί,r,,γλάγος,n,s-stem,1,2
περιδέξιος,0,περι+δέξιος,περί,r,,δεξιός,a,thematic,1,2
περίδρομος,0,περί+δρομος,περί,r,,δραμεῖν,v,?,1,2
Περιήρης,0,Περι+ήρης,περί,r,,ἀραρίσκω,v,thematic,1,2
περικαλλής,0,περι+καλλής,περί,r,,κάλλος,n,s-stem,1,2
περικλυτὸς,0,περι+κλυτὸς,περί,r,,κλύω,v,thematic,1,2
περικτίονες,0,περι+κτίονες,περί,r,,κτίζω,v,thematic,1,2
Περιμήδης,0,Περι+μήδης,περί,r,,μήδομαι,v,athematic,1,2
περιμήκης,0,περι+μήκης,περί,r,,μῆκος,n,s-stem,1,2
περισταδόν,0,περι+σταδόν,περί,r,,ἵστημι,v,athematic,1,2
περίτροχος ,0,περί+τροχος ,περί,r,,τρέχω,v,thematic,1,2
Περίφας,0,Περί+φας,περί,r,,φαίνω,v,thematic,1,2
Περιφήτης,0,Περι+φήτης,περί,r,,φημί,v,athematic,1,2
περιφραδής,1,περι+φραδής,περί,r,,φράζω,v,thematic,1,2
περίφρων,0,περί+φρων,περί,r,,φρήν,n,n-stem,1,2
περίωψ,1,περί+ωψ,περί,r,,ὤψ,n,C-stem,1,2
πηγεσίμαλλος,0,πηγεσί+μαλλος,πήγνυμι,v,athematic,μαλλός,n,thematic,1,2
πλήξιππος,0,πλή+ξιππος,πλήσσω,v,thematic,ἵππος,n,thematic,1,2
Πόδαργος,0,Πόδ+αργος,ποῦς,n,C-stem,ἀργός,a,thematic,1,2
ποδάρκης,0,ποδ+άρκης,ποῦς,n,C-stem,ἀρκέω,v,thematic,1,2
ποδηνεκής,0,ποδ+ηνεκής,ποῦς,n,C-stem,ἐνεγκεῖν,v,?,1,2
ποδήνεμος,0,ποδ+ήνεμος,ποῦς,n,C-stem,ἄνεμος,n,thematic,1,2
ποδώκης,0,ποδ+ώκης,ποῦς,n,C-stem,ὠκύς,a,u-stem,1,2
ποικιλομήτης,0,ποικιλο+μήτης,ποικιλός,a,thematic,μῆτις,n,i-stem,1,2
πολιοκρόταφος,0,πολιο+κρόταφος,πολιός,a,thematic,κρόταφος,n,thematic,1,2
Πολυαίμων,1,Πολυ+αίμων,πολύς,a,u-stem,αἶμα,n,n-stem,1,2
πολύαινος,0,πολύ+αινος,πολύς,a,u-stem,αἶνος,n,thematic,1,2
πολυᾶϊξ,0,πολυ+ᾶϊξ,πολύς,a,u-stem,αἴσσω,v,thematic,1,2
πολύαρνι,0,πολύ+αρνι,πολύς,a,u-stem,ἀρήν,n,n-stem,1,2
πολύβενθος,0,πολύ+βενθος,πολύς,a,u-stem,βένθος,n,s-stem,1,2
πολυβοτήρ,1,πολυ+βοτήρ,πολύς,a,u-stem,βώσκω,v,thematic,1,2
πολύβουλος,0,πολύ+βουλος,πολύς,a,u-stem,βουλή,n,-ā/a,1,2
πολυβούτης,0,πολυ+βούτης,πολύς,a,u-stem,βοῦς,n,u-stem,1,2
πολυδαίδαλος,0,πολυ+δαίδαλος,πολύς,a,u-stem,δαίδαλος,a,thematic,1,2
πολύδακρυς,0,πολύ+δακρυς,πολύς,a,u-stem,δάκρυ,n,u-stem,1,2
πολυδάκρυτος,0,πολυ+δάκρυτος,πολύς,a,u-stem,δακρύω,v,thematic,1,2
Πολυδάμας,0,Πολυ+δάμας,πολύς,a,u-stem,δαμάζω,v,thematic,1,2
πολυδειράδος,0,πολυ+δειράδος,πολύς,a,u-stem,δειράς,n,C-stem,1,2
Πολυδεύκης,0,Πολυ+δεύκης,πολύς,a,u-stem,δευκ-?,?,,1,2
πολυδίψιος,0,πολυ+δίψιος,πολύς,a,u-stem,δίψα,n,-ā/a,1,2
πολύδωρος,0,πολύ+δωρος,πολύς,a,u-stem,δῶρον,n,thematic,1,2
Πολύειδος,0,Πολύ+ειδος,πολύς,a,u-stem,εἶδος,n,s-stem,1,2
πολύζυγος,0,πολύ+ζυγος,πολύς,a,u-stem,ζυγόν,n,thematic,1,2
πολυηγερής,0,πολυ+ηγερής,πολύς,a,u-stem,ἀγείρω,v,thematic,1,2
πολυθαρσής,0,πολυ+θαρσής,πολύς,a,u-stem,θάρσος,n,s-stem,1,2
Πολύιδος,0,Πολύ+ιδος,πολύς,a,u-stem,οἶδα,v,athematic,1,2
πολύϊππος,0,πολύ+ϊππος,πολύς,a,u-stem,ἵππος,n,thematic,1,2
πολυκαγκής,0,πολυ+καγκής,πολύς,a,u-stem,κάγκω?,v,thematic,1,2
πολύκεστος,0,πολύ+κεστος,πολύς,a,u-stem,κέντω?,v,thematic,1,2
πολυκλήϊς,0,πολυ+κλήϊς,πολύς,a,u-stem,κλείς,n,C-stem,1,2
πολύκλητος,0,πολύ+κλητος,πολύς,a,u-stem,κλέω,v,thematic,1,2
πολύκμητος,0,πολύ+κμητος,πολύς,a,u-stem,κάμνω,v,thematic,1,2
πολύκνημος,0,πολύ+κνημος,πολύς,a,u-stem,κνήμη,n,-ā/a,1,2
πολυκοίρανος,0,πολυ+κοίρανος,πολύς,a,u-stem,κοίρανος,n,thematic,1,2
πολυκτήμων,0,πολυ+κτήμων,πολύς,a,u-stem,κτάομαι,v,thematic,1,2
πολυλήϊος,0,πολυ+λήϊος,πολύς,a,u-stem,λήϊον,n,thematic,1,2
πολύμηλος,0,πολύ+μηλος,πολύς,a,u-stem,μῆλον,n,thematic,1,2
πολύμητις,0,πολύ+μητις,πολύς,a,u-stem,μήτις?,n,i-stem,1,2
πολυμήχανος,0,πολυ+μήχανος,πολύς,a,u-stem,μηχανή,n,-ā/a,1,2
πολύμυθος,0,πολύ+μυθος,πολύς,a,u-stem,μῦθος,n,thematic,1,2
Πολυνείκης,0,Πολυ+νείκης,πολύς,a,u-stem,νεῖκος,n,s-stem,1,2
Πολύξεινος,0,Πολύ+ξεινος,πολύς,a,u-stem,ξένος,n,thematic,1,2
πολυπάμων,0,πολυ+πάμων,πολύς,a,u-stem,πεπαμαι,v,?,1,2
πολυπενθής,0,πολυ+πενθής,πολύς,a,u-stem,πένθος,n,s-stem,1,2
πολυπῖδαξ,0,πολυ+πῖδαξ,πολύς,a,u-stem,πῖδαξ,n,C-stem,1,2
πολύπλαγκτος,0,πολύ+πλαγκτος,πολύς,a,u-stem,πλάσσω,v,thematic,1,2
Πολυποίτης,0,Πολυ+ποίτης,πολύς,a,u-stem,ποιέω,v,thematic,1,2
πολύπτυχος,0,πολύ+πτυχος,πολύς,a,u-stem,πτύξ,n,C-stem,1,2
πολύρρην,0,πολύ+ρρην,πολύς,a,u-stem,ἀρήν,n,n-stem,1,2
πολύσκαρθμος,0,πολύ+σκαρθμος,πολύς,a,u-stem,σκαρθμός?,n,thematic,1,2
πολυσπερής,0,πολυ+σπερής,πολύς,a,u-stem,σπείρω,v,thematic,1,2
πολυστάφυλος,0,πολυ+στάφυλος,πολύς,a,u-stem,σταφυλή,n,-ā/a,1,2
πολύστονος,0,πολύ+στονος,πολύς,a,u-stem,στένω,v,thematic,1,2
πολύτλας,0,πολύ+τλας,πολύς,a,u-stem,τλάω,v,thematic,1,2
πολυτλήμων,0,πολυ+τλήμων,πολύς,a,u-stem,τλάω,v,thematic,1,2
πολυτρήρων,0,πολυ+τρήρων,πολύς,a,u-stem,τρήρων,n,n-stem,1,2
πολυφάρμακος,0,πολυ+φάρμακος,πολύς,a,u-stem,φάρμακον,n,thematic,1,2
Πολύφημος,0,Πολύ+φημος,πολύς,a,u-stem,φήμη,n,-ā/a,1,2
Πολυφήτης,0,Πολυ+φήτης,πολύς,a,u-stem,φημί,v,athematic,1,2
πολύφλοισβος,0,πολύ+φλοισβος,πολύς,a,u-stem,φλοῖσβος,n,thematic,1,2
Πολυφόντης,0,Πολυ+φόντης,πολύς,a,u-stem,θείνω,v,thematic,1,2
πολύφορβος,0,πολύ+φορβος,πολύς,a,u-stem,φορβή,n,-ā/a,1,2
πολύχαλκος,0,πολύ+χαλκος,πολύς,a,u-stem,χαλκός,n,thematic,1,2
πολύχρυσος,0,πολύ+χρυσος,πολύς,a,u-stem,χρυσός,n,thematic,1,2
ποντοπόρος,0,ποντο+πόρος,πόντος,n,thematic,πορεύω,v,thematic,1,2
πρεσβυγενής,0,πρεσβυ+γενής,πρέσβυς,a,u-stem,γίγνομαι,v,thematic,1,2
πρόβατον,0,πρό+βατον,πρό,r,,βαίνω,v,thematic,1,2
προβλής,0,προ+βλής,πρό,r,,βάλλω,v,thematic,1,2
προγενής,0,προ+γενής,πρό,r,,γίγνομαι,v,thematic,1,2
προδοκή,0,προ+δοκή,πρό,r,,δέχομαι,v,thematic,1,2
πρόδομος,0,πρό+δομος,πρό,r,,δόμος,n,thematic,1,2
προθέλυμνος,0,προ+θέλυμνος,πρό,r,,-θελυμνο-,?,,1,2
Προθοήνωρ,0,Προθο+ήνωρ,Πρόθοος?,a,thematic,ἀνήρ,n,r-stem,1,2
Πρόθοος,0,Πρό+θοος,πρό,r,,θέω,v,thematic,1,2
Προθόων,0,Προ+θόων,πρό,r,,θέω,v,thematic,1,2
πρόθυμος,1,πρό+θυμος,πρό,r,,θυμός,n,thematic,1,2
πρόκλυτος,0,πρό+κλυτος,πρό,r,,κλύω,v,thematic,1,2
πρόμαχος,0,πρό+μαχος,πρό,r,,μάχομαι,v,thematic,1,2
Πρόνοος,0,Πρό+νοος,πρό,r,,νοῦς,n,u-stem,1,2
πρόπαν,0,πρό+παν,πρό,r,,πᾶς,a,n-stem,1,2
προπρηνής,0,προ+πρηνής,πρό,r,,πρανής,a,n-stem,1,2
πρόσωπον,0,πρόσ+ωπον,πρός,r,,ὤψ,n,C-stem,1,2
προτίμαστος,0,προτί+μαστος,πρός,r,,μαίομαι,v,thematic,1,2
πρότμησις,0,πρό+τμησις,πρό,r,,τέμνω,v,thematic,1,2
πρότονος,0,πρό+τονος,πρό,r,,τείνω,v,thematic,1,2
πρόφρασσα,0,πρό+φρασσα,πρό,r,,φρήν,n,n-stem,1,2
πρόφρων,0,πρό+φρων,πρό,r,,φρήν,n,n-stem,1,2
πρόχοος,0,πρό+χοος,πρό,r,,χέω,v,thematic,1,2
πρύμνωρος,1,πρύμν+ωρος,πρυμνα,n,-ā/a,ὄρος?,?,-ā/a,1,2
Πρωτεσίλαος,0,Πρωτεσί+λαος,πρῶτος?,m,,λαός,n,thematic,1,2
πρωτογόνος,0,πρωτο+γόνος,πρῶτος,m,,γίγνομαι,v,thematic,1,2
πρωτοπαγής,0,πρωτο+παγής,πρῶτος,m,,πήγνυμι,v,athematic,1,2
πρωτοτόκος,0,πρωτο+τόκος,πρῶτος,m,,τίκτω,v,thematic,1,2
πτολίπορθος,0,πτολί+πορθος,πόλις,n,i-stem,πέρθω,v,thematic,1,2
πύγμαχος,0,πύγ+μαχος,πύξ,d,,μάχομαι,v,thematic,1,2
Πυλαιμένης,0,Πυλαι+μένης,πύλη?,n,-ā/a,μένω,v,thematic,1,2
πυλάρτης,0,πυλ+άρτης,πύλη,n,-ā/a,ἀραρίσκω,v,thematic,1,2
πυλαωρός,0,πυλα+ωρός,πύλη,n,-ā/a,ἐρύω,v,thematic,3,2
πυλαωρός,0,πυλα+ωρός,πύλη,n,-ā/a,ὁράω,v,thematic,3,2
πυλαωρός,0,πυλα+ωρός,πύλη,n,-ā/a,οὐροί,n,thematic,3,2
Πυλοιγενής,0,Πυλοι+γενής,Πύλος,n,thematic,γίγνομαι,v,thematic,1,2
πυράγρα,0,πυρ+άγρα,πῦρ,n,r-stem,ἄγρα,n,-ā/a,1,2
Πυραίχμης,0,Πυρ+αίχμης,πῦρ,n,r-stem,αἰχμή,n,-ā/a,1,2
πυρίκαυστος,0,πυρί+καυστος,πῦρ,n,r-stem,καίω,v,thematic,1,2
πυρκαιός,0,πυρ+καιός,πῦρ,n,r-stem,καίω,v,thematic,1,2
πυροφόρος,0,πυρο+φόρος,πῦρ,n,r-stem,φέρω,v,thematic,1,2
ῥηξήνωρ,0,ῥηξ+ήνωρ,ῥήγνυμι,v,athematic,ἀνήρ,n,r-stem,1,2
ῥινοτόρος,0,ῥινο+τόρος,ῥινός,n,thematic,τείρω,v,thematic,1,2
ῥοδοδάκτυλος,0,ῥοδο+δάκτυλος,ῥόδον,n,thematic,δάκτυλος,n,thematic,1,2
σακέσπαλος,0,σακέσ+παλος,σάκος,n,s-stem,πάλλω,v,thematic,1,2
σαόφρων,0,σαό+φρων,σῶς,a,thematic,φρήν,n,n-stem,1,2
σκηπτοῦχος,0,σκηπτ(ό+ο)χος,σκῆπτον,n,thematic,ἔχω,v,thematic,1,2
σκυτοτόμος,0,σκυτο+τόμος,σκῦτος,n,s-stem,τέμνω,v,thematic,1,2
στεινωπός,0,στειν+ωπός,στενός,a,thematic,ὀπή,n,-ā/a,1,2
στεροπηγερέτα,0,στεροπ+ηγερέτα,στεροπή,n,-ā/a,ἀγείρω,v,thematic,1,2
συβόσια,0,συ+βόσια,σῦς,n,u-stem,βώσκω,v,thematic,1,2
σύμπας,0,σύμ+πας,σύν,r,,πᾶς,a,n-stem,1,2
συμφερτός,0,συμ+φερτός,σύν,r,,φέρω,v,thematic,1,2
συμφράδμων,0,συμ+φράδμων,σύν,r,,φράζω,v,thematic,1,2
σύνθεσις,1,σύν+θεσις,σύν,r,,τίθημι,v,athematic,1,2
ταλαεργός,0,ταλα+εργός,τλάω,v,thematic,ἔργον,n,thematic,1,2
Ταλαιμένης,0,Ταλαι+μένης,τάλας?,a,n-stem,μένος,n,s-stem,1,2
ταλασίφρονος,0,ταλασί+φρονος,τλάω,v,thematic,φρήν,n,n-stem,1,2
ταλασίφρων,0,ταλασί+φρων,τλάω,v,thematic,φρήν,n,n-stem,1,2
ταλάφρων,0,ταλά+φρων,τλάω,v,thematic,φρήν,n,n-stem,1,2
ταμεσίχρως,0,ταμεσί+χρως,τάμνω,v,thematic,χρώς,n,s-stem,1,2
ταναήκης,0,τανα+ήκης,ταναός,a,thematic,ἀκή,n,-ā/a,1,2
τανηλεγής,0,ταν+ηλεγής,ταναός,a,thematic,ἔλεγος,n,s-stem,1,2
τανηλεγής,0,ταν+ηλεγής,ταναός,a,thematic,ἐλέγω,v,thematic,1,2
τανυγλώχις,0,τανυ+γλώχις,τανύω,v,thematic,γλώχις,n,n-stem,1,2
τανυήκης,0,τανυ+ήκης,τανύω,v,thematic,ἀκή,n,-ā/a,1,2
τανύπεπλος,0,τανύ+πεπλος,τανύω,v,thematic,πέπλος,n,thematic,1,2
τανυυπτέρυξ,0,τανυ+πτέρυξ,τανύω,v,thematic,πτέρυξ,n,C-stem,1,2
τανύφλοιος,0,τανύ+φλοιος,τανύω,v,thematic,φολοιός,n,thematic,1,2
ταχύπωλος,0,ταχύ+πωλος,ταχύς,a,u-stem,πῶλος,n,thematic,1,2
τειχεσιπλήτης,0,τειχεσι+πλήτης,τεῖχος,n,s-stem,πελάζω,v,thematic,1,2
τελεσφόρος,0,τελεσ+φόρος,τέλος,n,s-stem,φέρω,v,thematic,1,2
τερπικέραυνος,0,τερπι+κέραυνος,τέρπος?,n,s-stem,κέραυνος,n,thematic,2,2
τερπικέραυνος,0,τερπι+κέραυνος,τέρπω,v,thematic,κέραυνος,n,thematic,2,2
τεσσαράβοιος,0,τεσσαρά+βοιος,τέτταρες,m,,βοῦς,n,u-stem,1,2
τετραθέλυμνος,0,τετρα+θέλυμνος,τέτταρες,m,,-θελυμνο-?,?,,1,2
τετράκυκλος,0,τετρά+κυκλος,τέτταρες,m,,κύκλος,n,thematic,1,2
τετραφάληρος,0,τετρα+φάληρος,τέτταρες,m,,φαλός,n,thematic,1,2
τετράφαλος,0,τετρά+φαλος,τέτταρες,m,,φαλός,n,thematic,1,2
τηλεκλειτός,0,τηλε+κλειτός,τῆλε,d,,κλειτός,a,thematic,1,2
τηλεκλειτός,0,τηλε+κλειτός,τῆλε,d,,κλέω,v,thematic,1,2
τηλεκλυτός,0,τηλε+κλυτός,τῆλε,d,,κλύω,v,thematic,1,2
Τηλέμαχος,0,Τηλέ+μαχος,τῆλε,d,,μάχομαι,v,thematic,1,2
Τληπόλεμος,0,Τλη+πόλεμος,τλάω,v,thematic,πόλεμος,n,thematic,1,2
τοξοφόρος,0,τοξο+φόρος,τόξον,n,thematic,φέρω,v,thematic,1,2
τριγλώχις,0,τρι+γλώχις,τρεῖς ,m,,γλωχίς,n,n-stem,1,2
τρίλλιστος,0,τρί+λλιστος,τρεῖς ,m,,λίσσομαι,v,thematic,1,2
τρίπλαξ,0,τρί+πλαξ,δύο ,m,,πλέκω,v,thematic,1,2
τρίπολος,0,τρί+πολος,τρεῖς ,m,,πέλω,v,thematic,1,2
τρίπους,0,τρί+πους,τρεῖς ,m,,ποῦς,n,C-stem,1,2
τρίπτυχος,0,τρί+πτυχος,τρεῖς ,m,,πτύσσω,v,thematic,1,2
τριστοιχός,0,τρι+στοιχός,τρεῖς ,m,,στείχω,v,thematic,1,2
τρισχίλιαι,0,τρι+σχίλιαι,τρεῖς ,m,,χίλιοι,n,-ā/a,1,2
Τριτογενής,0,Τριτο+γενής,Τρίτων?,n,n-stem,γίγνομαι,v,thematic,1,2
τυμβόχοος,0,τυμβό+χοος,τύμβος,n,thematic,χέω,v,thematic,1,2
ὑλοτόμος,0,ὑλο+τόμος,ὕλη,n,-ā/a,τέμνω,v,thematic,1,2
ὑπάλυξις,0,ὑπ+άλυξις,ὑπό,r,,ἀλύσκω,v,thematic,1,2
ὑπασπίδιος,0,ὑπ+ασπίδιος,ὑπό,r,,ἀσπίς,n,C-stem,1,2
ὑπείροχος,0,ὑπείρ+οχος,ὑπέρ,r,,ἔχω,v,thematic,1,2
ὑπερβασία,0,ὑπερ+βασία,ὑπέρ,r,,βαίνω,v,thematic,1,2
ὑπερβασία,0,ὑπερ+βασία,ὑπέρ,r,,βαίνω,v,thematic,1,2
ὑπέρβιος,0,ὑπέρ+βιος,ὑπέρ,r,,βία,n,-ā/a,1,2
ὑπέρθυμος,0,ὑπέρ+θυμος,ὑπέρ,r,,θυμός,n,thematic,1,2
ὑπερμενής,0,ὑπερ+μενής,ὑπέρ,r,,μένος,n,s-stem,1,2
ὑπέρμορος,0,ὑπέρ+μορος,ὑπέρ,r,,μείρομαι,v,thematic,1,2
ὑπέροπλος,0,ὑπέρ+οπλος,ὑπέρ,r,,ὅπλον,n,thematic,1,2
ὑπερφίαλος,0,ὑπερ+φίαλος,ὑπέρ,r,,φύη?,n,-ā/a,1,2
ὑποδεξία,0,ὑπο+δεξία,ὑπό,r,,δέχομαι,v,thematic,1,2
ὑπόδρα,0,ὑπό+δρα,ὑπό,r,,δέρκομαι,v,thematic,1,2
Ὑποθήβας,0,Ὑπο+θήβας,ὑπό,r,,Θῆβαι,n,-ā/a,1,2
Ὑποπλακία,0,Ὑπο+πλακία,ὑπό,r,,Πλάκος,n,thematic,1,2
ὑπόρρηνος,0,ὑπό+ρρηνος,ὑπό,r,,ἀρήν,n,n-stem,1,2
ὑπόσχεσις,0,ὑπό+σχεσις,ὑπό,r,,ἔχω,v,thematic,1,2
ὑποταρτάριος,0,ὑπο+ταρτάριος,ὑπό,r,,Τάρταρος,n,thematic,1,2
ὑπότροπος,0,ὑπό+τροπος,ὑπό,r,,τρέπω,v,thematic,1,2
ὑπουράνιος,0,ὑπ+ουράνιος,ὑπό,r,,οὐρανιος,n,thematic,1,2
ὑπόψιος,0,ὑπ+όψιος,ὑπό,r,,ὄψις,n,i-stem,1,2
ὑπώπιον,0,ὑπ+ώπιον,ὑπό,r,,ὤψ,n,C-stem,1,2
ὕπωρος,1,ὕπ+ωρος,ὑπό,r,,ὄρος,n,s-stem,1,2
ὑπωρόφιος,0,ὑπ+ωρόφιος,ὑπό,r,,ὀροφή,n,-ā/a,1,2
ὑφηνίοχος,0,ὑφ+ηνίοχος,ὑπό,r,,ἡνίοχος,n,thematic,1,3
ὑψερεφής,0,ὑψ+ερεφής,ὑπό,r,,ἐρέφω,v,thematic,1,2
Ὑψήνωρ,0,Ὑψ+ήνωρ,ὕψι,d,,ἀνήρ,n,r-stem,1,2
ὑψηρεφής,0,ὑψ+ηρεφής,ὕψι,d,,ἐρέφω,v,thematic,1,2
ὑψηχής,0,ὑψ+ηχής,ὕψι,d,,ἦχος,n,s-stem,1,2
ὑψιβρεμέτης,0,ὑψι+βρεμέτης,ὕψι,d,,βρέμω,v,thematic,1,2
ὑψικάρηνος,0,ὑψι+κάρηνος,ὕψι,d,,κάρηνον,n,thematic,1,2
ὑψίκομος,0,ὑψί+κομος,ὕψι,d,,κόμη,n,-ā/a,1,2
ὑψιπέτηλος,0,ὑψι+πέτηλος,ὕψι,d,,πέτομαι,v,thematic,1,2
ὑψιπέτης,0,ὑψι+πέτης,ὕψι,d,,πέτομαι,v,thematic,1,2
ὑψίπυλος,0,ὑψί+πυλος,ὕψι,d,,πύλη,n,-ā/a,1,2
ὑψόροφος,0,ὑψ+όροφος,ὕψι,d,,ἐρέφω,v,thematic,1,2
φαεσίμβροτος,0,φαεσί+μβροτος,φάε,v,?,βροτός,n,thematic,1,2
Φαίνοψ,0,Φαίν+οψ,φαίνω,v,thematic,ὄψ,n,C-stem,1,2
φασσοφόνος,0,φασσο+φόνος,φάσσα,n,-ā/a,θείνω,v,thematic,1,2
Φείδιππος,0,Φείδι+ππος,φείδω,v,thematic,ἴππος,n,thematic,1,2
Φερεκλέης,1,Φερε+κλέης,φέρω,v,thematic,κλέος,n,s-stem,1,2
φθισήνωρ,0,φθισ+ήνωρ,φθίνω,v,thematic,ἀνήρ,n,r-stem,1,2
φιλοκτέανος,0,φιλο+κτέανος,φίλος,a,thematic,κτέανον,n,thematic,2,2
φιλοκτέανος,0,φιλο+κτέανος,φιλέω,v,thematic,κτέανον,n,thematic,2,2
Φιλοκτήτης,0,Φιλο+κτήτης,φίλος,a,thematic,κτάομαι?,v,thematic,1,2
φιλομειδής,0,φιλο+μειδής,φίλος,a,thematic,μεῖδος?,n,s-stem,2,2
φιλομειδής,0,φιλο+μειδής,φιλέω,v,thematic,μεῖδος?,n,s-stem,2,2
φιλοπτόλεμος,0,φιλο+πτόλεμος,φίλος,a,thematic,πόλεμος,n,thematic,2,2
φιλοπτόλεμος,0,φιλο+πτόλεμος,φιλέω,v,thematic,πόλεμος,n,thematic,2,2
φιλόφρων,1,φιλό+φρων,φίλος,a,thematic,φρήν,n,n-stem,2,2
φιλόφρων,1,φιλό+φρων,φιλέω,v,thematic,φρήν,n,n-stem,2,2
φιλοψευδής,0,φιλο+ψευδής,φίλος,a,thematic,ψεῦδος,n,s-stem,2,2
φιλοψευδής,0,φιλο+ψευδής,φιλέω,v,thematic,ψεῦδος,n,s-stem,2,2
Φυλομέδων,0,Φυλο+μέδων,φύλη,n,-ā/a,μέδω,v,thematic,1,2
φυσίζοος,0,φυσί+ζοος,φύω,v,thematic,ζέα,n,-ā/a,1,2
χαλκεοθώρηξ,0,χαλκεο+θώρηξ,χαλκεός,a,thematic,θώρηξ,n,C-stem,1,2
χαλκεόφωνος,0,χαλκεό+φωνος,χαλκεός,a,thematic,φωνή,n,-ā/a,1,2
χαλκήρης,0,χαλκ+ήρης,χαλκός,n,thematic,ἀραρίσκω,v,thematic,1,2
χαλκοβαρής,0,χαλκο+βαρής,χαλκός,n,thematic,βαρύς,a,u-stem,1,2
χαλκοβατής,0,χαλκο+βατής,χαλκός,n,thematic,βαίνω,v,thematic,1,2
χαλκογλώχις,0,χαλκο+γλώχις,χαλκός,n,thematic,γλωχίς,n,n-stem,1,2
χαλκοκνήμις,0,χαλκο+κνήμις,χαλκός,n,thematic,κνημίς,n,C-stem,1,2
χαλκοκορυστής,0,χαλκο+κορυστής,χαλκός,n,thematic,κορύσσω,v,thematic,1,2
χαλκοπάρῃος,0,χαλκο+πάρῃος,χαλκός,n,thematic,παρειά,n,thematic,1,2
χαλκόπους,0,χαλκό+πους,χαλκός,n,thematic,ποῦς,n,C-stem,1,2
χαλκότυπος,0,χαλκό+τυπος,χαλκός,n,thematic,τύπος,n,thematic,1,2
χαλκοχίτων,0,χαλκο+χίτων,χαλκός,n,thematic,χίτων,n,n-stem,1,2
Χαλκώδων,1,Χαλκ(ο+ό)δων,χαλκός,n,thematic,ὀδών,n,n-stem,1,2
χειμάρροος,0,χειμά+ρροος,χεῖμα,n,n-stem,ῥέω,v,thematic,1,2
Χερσιδάμας,0,Χερσι+δάμας,χείρ,n,r-stem,δαμάζω,v,thematic,1,2
χοροιτυπος,0,χοροι+τυπος,χορός,n,thematic,τύπτω,v,thematic,1,2
χρυσάμπυξ,0,χρυσ+άμπυξ,χρυσός,n,thematic,ἄμπυξ,n,C-stem,1,2
χρυσαόρος,0,χρυσ+αόρος,χρυσός,n,thematic,ἄορ,n,r-stem,1,2
χρυσάωρ,0,χρυσ+άωρ,χρυσός,n,thematic,ἄορ,n,r-stem,1,2
χρυσηλάκατος,0,χρυσ+ηλάκατος,χρυσός,n,thematic,ἠλάκατα,n,thematic,1,2
Χρυσόθεμις,0,Χρυσό+θεμις,χρυσός,n,thematic,θέμις,n,i-stem,1,2
χρυσόθρονος,0,χρυσό+θρονος,χρυσός,n,thematic,θρόνος/θρόνον,n,thematic,1,2
χρυσόπτερος,0,χρυσό+πτερος,χρυσός,n,thematic,πτέρυξ,n,C-stem,1,2
ψευδάγγελος,0,ψευδ+άγγελος,ψεύδος,a,s-stem,ἄγγελος,n,thematic,1,2
ὠκύαλος,0,ὠκύ+αλος,ὠκύς,a,u-stem,ἄλς?,n,l-stem,1,2
ὠκύμορος,0,ὠκύ+μορος,ὠκύς,a,u-stem,μείρομαι,v,thematic,1,2
ὠκυπέτης,0,ὠκυ+πέτης,ὠκύς,a,u-stem,πέτομαι,v,thematic,1,2
ὠκύπορος,0,ὠκύ+πορος,ὠκύς,a,u-stem,πορεύω,v,thematic,1,2
ὠκύπους,0,ὠκύ+πους,ὠκύς,a,u-stem,ποῦς,n,C-stem,1,2
ὠκύπτερος,0,ὠκύ+πτερος,ὠκύς,a,u-stem,πτέρυξ,n,C-stem,1,2
ὠκύροος,0,ὠκύ+ροος,ὠκύς,a,u-stem,ῥέω,v,thematic,1,2
ὠμογέρων,0,ὠμο+γέρων,ὠμός,a,thematic,γέρων,n,n-stem,1,2
ὠμοφάγος,0,ὠμο+φάγος,ὠμός,a,thematic,φαγεῖν,v,thematic,1,2