compound,work,book,line_num
Ἀβάρβαρος (*),Iliad,6,22
ἄβροτος,Iliad,14,78
ἄβροτος,Iliad,14,177
ἄβροτος (*),Iliad,14,170
ἄβροτος (*),Iliad,14,172
ἄβροτος (*),Iliad,14,177
ἀγακλής,Iliad,17,716
ἀγακλής,Iliad,21,379
Ἀγακλῆς,Iliad,16,571
ἀγακλῆς,Iliad,16,738
ἀγακλῆς,Iliad,23,529
ἀγακλυτός,Iliad,6,436
ἄγαμος,Iliad,3,40
ἀγάννιφος,Iliad,18,186
ἀγανόφρων,Iliad,20,467
ἀγάνωρ (*),Iliad,22,456
Ἀγάσθενος ,Iliad,2,624
Ἀγήνορος,Iliad,20,474
Ἀγήνωρ,Iliad,13,490
Ἀγήνωρ,Iliad,13,598
Ἀγήνωρ,Iliad,14,425
Ἀγήνωρ,Iliad,15,340
Ἀγήνωρ,Iliad,16,535
ἀγήνωρ,Iliad,21,443
Ἀγήνωρ,Iliad,21,545
Ἀγήνωρ,Iliad,21,595
Ἀγήνωρ,Iliad,21,579
Ἀγήνωρ,Iliad,21,600
ἀγήνωρ,Iliad,24,42
ἀγήρως,Iliad,2,447
ἀγήρως,Iliad,8,539
ἀγήρως,Iliad,12,323
ἀγήρως,Iliad,17,444
ἀγκυλομήτης,Iliad,4,59
ἀγκυλομήτης,Iliad,4,75
ἀγκυλότοξος,Iliad,2,848
ἀγκυλότοξος,Iliad,10,428
ἀγκυλοχείλης,Iliad,16,428
ἀγχίαλος,Iliad,2,640
ἀγχίαλος,Iliad,2,697
Ἀγχίαλος,Iliad,5,609
ἀγχιμαχητής,Iliad,2,604
ἀγχιμαχητής,Iliad,8,173
ἀγχιμαχητής,Iliad,11,286
ἀγχιμαχητής,Iliad,13,150
ἀγχιμαχητής,Iliad,15,425
ἀγχιμαχητής,Iliad,15,486
ἀγχιμαχητής,Iliad,17,184
ἀδαήμων,Iliad,5,634
ἀδάκρυτος,Iliad,1,415
ἀεικέλιος,Iliad,14,84
ἀεκήλιος,Iliad,18,77
ἀέκων,Iliad,13,367
ἀέκων,Iliad,19,273
ἀέκων,Iliad,21,59
ἀέκων (*),Iliad,12,8
ἀελλόπος,Iliad,8,409
ἀελλόπος,Iliad,24,77
ἀελλόπος,Iliad,24,159
ἀθάνατος,Iliad,1,265
ἀθάνατος,Iliad,1,398
ἀθάνατος,Iliad,1,503
ἀθάνατος,Iliad,1,520
ἀθάνατος,Iliad,1,525
ἀθάνατος,Iliad,1,530
ἀθάνατος,Iliad,2,14
ἀθάνατος,Iliad,2,31
ἀθάνατος,Iliad,2,49
ἀθάνατος,Iliad,2,67
ἀθάνατος,Iliad,2,306
ἀθάνατος,Iliad,2,447
ἀθάνατος,Iliad,2,741
ἀθάνατος,Iliad,2,814
ἀθάνατος,Iliad,3,158
ἀθάνατος,Iliad,3,298
ἀθάνατος,Iliad,3,308
ἀθάνατος,Iliad,4,61
ἀθάνατος,Iliad,4,64
ἀθάνατος,Iliad,4,128
ἀθάνατος,Iliad,4,394
ἀθάνατος,Iliad,5,130
ἀθάνατος,Iliad,5,186
ἀθάνατος,Iliad,5,342
ἀθάνατος,Iliad,5,360
ἀθάνατος,Iliad,5,380
ἀθάνατος,Iliad,5,407
ἀθάνατος,Iliad,5,442
ἀθάνατος,Iliad,5,828
ἀθάνατος,Iliad,5,882
ἀθάνατος,Iliad,6,108
ἀθάνατος,Iliad,6,128
ἀθάνατος,Iliad,6,140
ἀθάνατος,Iliad,6,259
ἀθάνατος,Iliad,7,32
ἀθάνατος,Iliad,7,102
ἀθάνατος,Iliad,7,130
ἀθάνατος,Iliad,7,447
ἀθάνατος,Iliad,8,456
ἀθάνατος,Iliad,8,539
ἀθάνατος,Iliad,9,110
ἀθάνατος,Iliad,10,404
ἀθάνατος,Iliad,10,441
ἀθάνατος,Iliad,10,463
ἀθάνατος,Iliad,11,2
ἀθάνατος,Iliad,11,60
ἀθάνατος,Iliad,12,9
ἀθάνατος,Iliad,12,242
ἀθάνατος,Iliad,12,323
ἀθάνατος,Iliad,13,19
ἀθάνατος,Iliad,13,525
ἀθάνατος,Iliad,13,818
ἀθάνατος,Iliad,14,177
ἀθάνατος,Iliad,14,199
ἀθάνατος,Iliad,14,434
ἀθάνατος,Iliad,15,50
ἀθάνατος,Iliad,15,73
ἀθάνατος,Iliad,15,85
ἀθάνατος,Iliad,15,96
ἀθάνατος,Iliad,15,107
ἀθάνατος,Iliad,15,122
ἀθάνατος,Iliad,15,144
ἀθάνατος,Iliad,16,154
ἀθάνατος,Iliad,16,449
ἀθάνατος,Iliad,16,704
ἀθάνατος,Iliad,19,2
ἀθάνατος,Iliad,19,22
ἀθάνατος,Iliad,17,444
ἀθάνατος,Iliad,17,476
ἀθάνατος,Iliad,18,86
ἀθάνατος,Iliad,18,116
ἀθάνατος,Iliad,18,186
ἀθάνατος,Iliad,18,366
ἀθάνατος,Iliad,18,370
ἀθάνατος,Iliad,18,420
ἀθάνατος,Iliad,20,64
ἀθάνατος,Iliad,20,123
ἀθάνατος,Iliad,20,235
ἀθάνατος,Iliad,20,292
ἀθάνατος,Iliad,20,314
ἀθάνατος,Iliad,20,334
ἀθάνατος,Iliad,20,347
ἀθάνατος,Iliad,20,367
ἀθάνατος,Iliad,22,366
ἀθάνατος,Iliad,21,2
ἀθάνατος,Iliad,21,267
ἀθάνατος,Iliad,21,298
ἀθάνατος,Iliad,21,380
ἀθάνατος,Iliad,21,476
ἀθάνατος,Iliad,21,500
ἀθάνατος,Iliad,21,513
ἀθάνατος,Iliad,23,207
ἀθάνατος,Iliad,23,277
ἀθάνατος,Iliad,23,546
ἀθάνατος,Iliad,23,787
ἀθάνατος,Iliad,24,32
ἀθάνατος,Iliad,24,61
ἀθάνατος,Iliad,24,91
ἀθάνατος,Iliad,24,107
ἀθάνατος,Iliad,24,114
ἀθάνατος,Iliad,24,135
ἀθάνατος,Iliad,24,426
ἀθάνατος,Iliad,24,464
ἀθάνατος,Iliad,24,694
ἀθέμιστος,Iliad,9,63
ἀθέσφατος,Iliad,3,4
ἀθέσφατος,Iliad,10,6
ἀΐδρις,Iliad,3,219
αἶθοψ,Iliad,6,266
αἶθοψ,Iliad,4,259
αἶθοψ,Iliad,4,495
αἶθοψ,Iliad,5,341
αἶθοψ,Iliad,5,562
αἶθοψ,Iliad,5,681
αἶθοψ,Iliad,11,775
αἶθοψ,Iliad,14,5
αἶθοψ,Iliad,16,226
αἶθοψ,Iliad,16,230
αἰολοθώρηξ,Iliad,4,489
αἰολοθώρηξ,Iliad,16,173
αἰολομίτρης,Iliad,5,707
αἰολόπωλος,Iliad,3,185
ἀκάκης (*),Iliad,16,185
ἀκήδεστοι,Iliad,6,60
ἀκηδής,Iliad,21,123
ἀκηδής,Iliad,24,526
ἀκηδής (*),Iliad,24,417
ἀκήριος,Iliad,7,100
ἀκήριος,Iliad,11,392
ἀκήριος,Iliad,13,224
ἀκήριος,Iliad,21,466
ἀκλεής,Iliad,7,100
ἀκλεής,Iliad,12,318
ἄκοιτις,Iliad,3,138
ἄκοιτις,Iliad,6,350
ἄκοιτις,Iliad,9,450
ἄκοιτος,Iliad,14,269
ἄκοιτος (*),Iliad,15,91
ἄκοσμος,Iliad,2,213
ἀκριτόμυθος,Iliad,2,246
ἀκριτόφυλλον,Iliad,2,868
ἀκρόκομος,Iliad,4,533
ἀλήϊος,Iliad,9,267
ἀλήϊος ἀ/ἀν,Iliad,9,125
Ἁλίζωνος,Iliad,2,856
Ἁλίζωνος,Iliad,5,39
Ἄλκανδρος,Iliad,5,678
ἄλλοφος,Iliad,10,258
ἀμαχητί,Iliad,21,437
ἄμβροτος,Iliad,5,339
ἄμβροτος,Iliad,5,870
ἄμβροτος,Iliad,16,336
ἄμβροτος,Iliad,16,381
ἄμβροτος,Iliad,16,670
ἄμβροτος,Iliad,16,670
ἄμβροτος,Iliad,16,680
ἄμβροτος,Iliad,16,680
ἄμβροτος,Iliad,16,867
ἄμβροτος,Iliad,17,202
ἄμβροτος,Iliad,20,358
ἄμβροτος,Iliad,22,9
ἄμβροτος,Iliad,22,279
ἄμβροτος,Iliad,24,460
ἄμβροτος (*),Iliad,5,777
ἄμβροτος (*),Iliad,5,338
ἄμβροτος (*),Iliad,5,369
ἄμβροτος (*),Iliad,8,434
ἄμβροτος (*),Iliad,10,41
ἄμβροτος (*),Iliad,10,142
ἄμβροτος (*),Iliad,13,35
ἄμβροτος (*),Iliad,19,38
ἄμβροτος (*),Iliad,18,268
ἀμείλιχος,Iliad,24,734
ἀμενηνός,Iliad,5,887
ἀμετροεπής,Iliad,2,212
ἀμήχανος,Iliad,8,130
ἀμήχανος,Iliad,10,167
ἀμήχανος,Iliad,11,310
ἀμήχανος,Iliad,13,726
ἀμήχανος,Iliad,14,262
ἀμήχανος,Iliad,15,14
ἀμήχανος,Iliad,16,29
ἀμήχανος,Iliad,19,273
ἀμιτροχίτωνας,Iliad,16,419
ἀμύμοων,Iliad,16,119
ἀμυμων,Iliad,12,88
ἀμύμων,Iliad,2,674
ἀμύμων,Iliad,2,770
ἀμύμων,Iliad,2,876
ἀμύμων,Iliad,4,89
ἀμύμων,Iliad,4,194
ἀμύμων,Iliad,5,169
ἀμύμων,Iliad,5,247
ἀμύμων,Iliad,6,22
ἀμύμων,Iliad,6,155
ἀμύμων,Iliad,6,216
ἀμύμων,Iliad,6,374
ἀμύμων,Iliad,8,302
ἀμύμων,Iliad,9,128
ἀμύμων,Iliad,9,181
ἀμύμων,Iliad,9,270
ἀμύμων,Iliad,9,698
ἀμύμων,Iliad,10,19
ἀμύμων,Iliad,10,170
ἀμύμων,Iliad,10,323
ἀμύμων,Iliad,11,57
ἀμύμων,Iliad,11,161
ἀμύμων,Iliad,11,420
ἀμύμων,Iliad,11,518
ἀμύμων,Iliad,11,692
ἀμύμων,Iliad,11,835
ἀμύμων,Iliad,13,636
ἀμύμων,Iliad,13,641
ἀμύμων,Iliad,13,790
ἀμύμων,Iliad,14,115
ἀμύμων,Iliad,14,426
ἀμύμων,Iliad,14,444
ἀμύμων,Iliad,14,469
ἀμύμων,Iliad,15,463
ἀμύμων,Iliad,16,140
ἀμύμων,Iliad,16,152
ἀμύμων,Iliad,16,197
ἀμύμων,Iliad,16,855
ἀμύμων,Iliad,19,245
ἀμύμων,Iliad,17,10
ἀμύμων,Iliad,17,186
ἀμύμων,Iliad,17,280
ἀμύμων,Iliad,17,379
ἀμύμων,Iliad,17,698
ἀμύμων,Iliad,18,55
ἀμύμων,Iliad,20,206
ἀμύμων,Iliad,20,231
ἀμύμων,Iliad,20,236
ἀμύμων,Iliad,20,484
ἀμύμων,Iliad,22,113
ἀμύμων,Iliad,22,278
ἀμύμων,Iliad,21,546
ἀμύμων,Iliad,23,137
ἀμύμων,Iliad,23,263
ἀμύμων,Iliad,23,522
ἀμύμων,Iliad,24,85
ἀμφήκης,Iliad,10,256
ἀμφιβρότης,Iliad,2,389
ἀμφίβροτος,Iliad,11,32
ἀμφίβροτος,Iliad,12,402
ἀμφίβροτος,Iliad,20,281
ἀμφιγυήεις,Iliad,14,239
ἀμφιγυήεις,Iliad,18,383
ἀμφιγυήεις,Iliad,18,393
ἀμφιγυήεις,Iliad,18,462
ἀμφιγυήεις,Iliad,18,587
ἀμφιγυήεις,Iliad,18,590
ἀμφιγυήεις,Iliad,18,614
ἀμφίγυος,Iliad,13,147
ἀμφίγυος,Iliad,14,27
ἀμφίγυος,Iliad,15,278
ἀμφίγυος,Iliad,15,386
ἀμφίγυος,Iliad,15,712
ἀμφίγυος,Iliad,16,637
ἀμφίγυος,Iliad,17,731
ἀμφίγυος (*),Iliad,1,607
ἀμφίδασυς,Iliad,15,309
Ἀμφικλῆς,Iliad,16,313
ἀμφίκομος,Iliad,17,677
ἀμφικύπελλον,Iliad,9,656
ἀμφικύπελλος,Iliad,1,584
ἀμφικύπελλος,Iliad,6,220
ἀμφικύπελλος,Iliad,23,219
ἀμφικύπελλος,Iliad,23,656
ἀμφικύπελλος,Iliad,23,663
ἀμφικύπελλος,Iliad,23,667
ἀμφικύπελλος,Iliad,23,699
ἀμφιλύκη,Iliad,7,433
Ἀμφίμαχος,Iliad,2,870
Ἀμφίμαχός,Iliad,2,871
ἀμφιμέλας,Iliad,1,103
ἀμφίφαλος,Iliad,5,743
ἀμφίφαλος,Iliad,11,41
ἀναδέσμη,Iliad,22,469
ἀνάεδνος,Iliad,9,288
ἀνάεδνος,Iliad,13,366
ἀνάεδνος ἀ/ἀν,Iliad,9,146
ἀναιδής,Iliad,4,521
ἀναιδής,Iliad,5,593
ἀναιδής,Iliad,13,139
ἀναιδής (*),Iliad,9,372
ἀναίμων ,Iliad,5,342
ἀναιμωτί,Iliad,17,497
ἀναίτιος,Iliad,11,654
ἀναίτιος,Iliad,13,775
ἀναίτιος,Iliad,20,297
ἄναλκις,Iliad,2,201
ἄναλκις,Iliad,5,331
ἄναλκις,Iliad,5,349
ἄναλκις,Iliad,6,74
ἄναλκις,Iliad,8,152
ἄναλκις,Iliad,9,35
ἄναλκις,Iliad,9,41
ἄναλκις,Iliad,11,390
ἄναλκις,Iliad,13,104
ἄναλκις,Iliad,13,777
ἄναλκις,Iliad,14,126
ἄναλκις,Iliad,15,62
ἄναλκις,Iliad,15,326
ἄναλκις,Iliad,16,355
ἄναλκις,Iliad,16,656
ἄναλκις,Iliad,17,320
ἄναλκις,Iliad,17,337
ἄναλκις,Iliad,21,555
ἀνάποινος,Iliad,1,99
ἀνάρσιος,Iliad,24,365
ἄναρχος,Iliad,2,703
ἄναρχος,Iliad,2,726
ἀνδράγριος,Iliad,14,509
Ἀνδραίμων,Iliad,2,638
Ἀνδραίμων,Iliad,13,216
Ἀνδραίμων,Iliad,15,281
Ἀνδραίμων (*),Iliad,7,168
ἀνδράποδον,Iliad,7,475
Ἀνδρομάχη,Iliad,6,371
Ἀνδρομάχη,Iliad,6,377
Ἀνδρομάχη,Iliad,6,395
Ἀνδρομάχη,Iliad,6,405
Ἀνδρομάχη,Iliad,8,187
ἀνέμωρος (*),Iliad,2,521
ἀνέστιος,Iliad,9,63
ἀνίδρως (*),Iliad,15,228
ἀνόλεθρος,Iliad,13,761
ἄνοος,Iliad,21,441
ἀντάξιος,Iliad,1,136
ἀντάξιος,Iliad,9,401
ἀντάξιος,Iliad,11,514
Ἀντήνωρ,Iliad,2,822
Ἀντήνωρ,Iliad,3,148
Ἀντήνωρ,Iliad,3,203
Ἀντήνωρ,Iliad,3,262
Ἀντήνωρ,Iliad,3,312
Ἀντήνωρ,Iliad,5,69
Ἀντήνωρ,Iliad,6,299
Ἀντήνωρ,Iliad,7,347
Ἀντήνωρ,Iliad,7,357
Ἀντήνωρ,Iliad,12,99
Ἀντήνωρ,Iliad,14,463
Ἀντήνωρ,Iliad,14,473
Ἀντήνωρ,Iliad,15,517
Ἀντήνωρ,Iliad,20,396
Ἀντήνωρ,Iliad,21,546
Ἀντήνωρ,Iliad,21,579
Ἀντήνωρ (*),Iliad,3,122
Ἀντήνωρ (*),Iliad,3,123
Ἀντήνωρ (*),Iliad,4,87
Ἀντήνωρ (*),Iliad,11,59
Ἀντήνωρ (*),Iliad,11,221
Ἀντήνωρ (*),Iliad,11,249
Ἀντήνωρ (*),Iliad,11,262
Ἀντήνωρ (*),Iliad,19,53
ἀντιάνειρα,Iliad,3,189
ἀντιάνειρα,Iliad,6,186
ἀντίβιος,Iliad,1,304
ἀντίβιος,Iliad,2,377
ἀντίβιος,Iliad,3,20
ἀντίβιος,Iliad,3,435
ἀντίβιος,Iliad,5,220
ἀντίβιος,Iliad,7,40
ἀντίβιος,Iliad,7,51
ἀντίβιος,Iliad,11,386
ἀντίβιος,Iliad,21,226
ἀντίβιος (*),Iliad,1,278
ἀντίθεος,Iliad,3,186
ἀντίθεος,Iliad,4,88
ἀντίθεος,Iliad,4,377
ἀντίθεος,Iliad,5,168
ἀντίθεος,Iliad,5,629
ἀντίθεος,Iliad,5,663
ἀντίθεος,Iliad,5,692
ἀντίθεος,Iliad,5,705
ἀντίθεος,Iliad,6,199
ἀντίθεος,Iliad,8,275
ἀντίθεος,Iliad,9,623
ἀντίθεος,Iliad,11,140
ἀντίθεος,Iliad,11,322
ἀντίθεος,Iliad,12,307
ἀντίθεος,Iliad,12,408
ἀντίθεος,Iliad,13,791
ἀντίθεος,Iliad,14,322
ἀντίθεος,Iliad,16,321
ἀντίθεος,Iliad,16,421
ἀντίθεος,Iliad,16,649
ἀντίθεος,Iliad,20,232
ἀντίθεος,Iliad,20,407
ἀντίθεος,Iliad,21,91
ἀντίθεος,Iliad,21,595
ἀντίθεος,Iliad,23,360
ἀντίθεος,Iliad,23,837
ἀντίθεος,Iliad,24,257
ἀντίθεός,Iliad,10,112
Ἄξυλος,Iliad,6,12
ἀπάλαμνος,Iliad,5,597
ἀπειρέσιος,Iliad,20,58
ἀπείρων,Iliad,1,350
ἀπείρων,Iliad,7,446
ἀπείρων,Iliad,24,342
ἀπερείσιος,Iliad,1,372
ἀπερείσιος,Iliad,2,635
ἀπερείσιος,Iliad,6,49
ἀπερείσιος,Iliad,6,427
ἀπερείσιος,Iliad,9,120
ἀπερείσιος,Iliad,10,380
ἀπερείσιος,Iliad,11,134
ἀπερείσιος,Iliad,19,138
ἀπερείσιος,Iliad,24,276
ἀπερείσιος,Iliad,24,502
ἀπερείσιος,Iliad,24,579
ἀπήμων,Iliad,1,415
ἀπήμων,Iliad,1,415
ἀπήμων,Iliad,12,80
ἀπήμων,Iliad,13,744
ἀπήμων,Iliad,13,748
ἀπήμων,Iliad,13,761
ἀπήμων,Iliad,14,164
ἄπιστος,Iliad,3,106
ἀποθύμιος,Iliad,14,261
ἄποτμος,Iliad,24,388
ἀπτοεπής,Iliad,8,209
ἀπτόλεμος,Iliad,2,201
ἀπτόλεμος,Iliad,9,35
ἀπτόλεμος,Iliad,9,41
ἄπυρος,Iliad,9,122
Ἀραιθυρέα,Iliad,2,571
ἀργικέραυνος,Iliad,19,121
ἀργικέραυνος,Iliad,20,16
ἀργικέραυνοσ,Iliad,22,178
ἀργιόδων,Iliad,9,539
ἀργιόδων,Iliad,10,264
ἀργιόδων,Iliad,11,292
ἀργιόδων,Iliad,23,32
ἀργίπους,Iliad,24,211
ἀργυροδίνης,Iliad,2,753
ἀργυροδίνης,Iliad,21,8
ἀργυρόηλος,Iliad,2,45
ἀργυρόηλος,Iliad,3,334
ἀργυρόηλος,Iliad,3,361
ἀργυρόηλος,Iliad,7,302
ἀργυρόηλος,Iliad,13,610
ἀργυρόηλος,Iliad,14,405
ἀργυρόηλος,Iliad,16,135
ἀργυρόηλος,Iliad,19,372
ἀργυρόηλος,Iliad,18,389
ἀργυρόηλος,Iliad,23,804
ἀργυρόπεζα,Iliad,1,538
ἀργυρόπεζα,Iliad,1,556
ἀργυρόπεζα,Iliad,9,410
ἀργυρόπεζα,Iliad,16,222
ἀργυρόπεζα,Iliad,16,574
ἀργυρόπεζα,Iliad,19,28
ἀργυρόπεζα,Iliad,18,127
ἀργυρόπεζα,Iliad,18,146
ἀργυρόπεζα,Iliad,18,369
ἀργυρόπεζα,Iliad,18,381
ἀργυρόπεζα,Iliad,24,89
ἀργυρόπεζα,Iliad,24,120
ἀργυρότοξος,Iliad,1,37
ἀργυρότοξος,Iliad,1,451
ἀργυρότοξος,Iliad,2,766
ἀργυρότοξος,Iliad,5,449
ἀργυρότοξος,Iliad,5,517
ἀργυρότοξος,Iliad,5,760
ἀργυρότοξος,Iliad,7,58
ἀργυρότοξος,Iliad,10,515
ἀργυρότοξος,Iliad,21,229
ἀργυρότοξος,Iliad,24,56
ἀργυρότοξος,Iliad,24,758
Ἀρηΐλυκος,Iliad,14,451
Ἀρηΐλυκος,Iliad,16,308
ἀρηΐφιλος,Iliad,2,778
ἀρηΐφιλος,Iliad,3,21
ἀρηΐφιλος,Iliad,3,52
ἀρηΐφιλος,Iliad,3,69
ἀρηΐφιλος,Iliad,3,90
ἀρηΐφιλος,Iliad,3,136
ἀρηΐφιλος,Iliad,3,206
ἀρηΐφιλος,Iliad,3,232
ἀρηΐφιλος,Iliad,3,253
ἀρηΐφιλος,Iliad,3,307
ἀρηΐφιλος,Iliad,3,430
ἀρηΐφιλος,Iliad,3,430
ἀρηΐφιλος,Iliad,3,452
ἀρηΐφιλος,Iliad,3,457
ἀρηΐφιλος,Iliad,4,13
ἀρηΐφιλος,Iliad,4,150
ἀρηΐφιλος,Iliad,5,561
ἀρηΐφιλος,Iliad,6,73
ἀρηΐφιλος,Iliad,16,303
ἀρηΐφιλος,Iliad,17,1
ἀρηΐφιλος,Iliad,17,11
ἀρηΐφιλος,Iliad,17,138
ἀρηΐφιλος,Iliad,17,319
ἀρηΐφιλος,Iliad,17,336
ἀρηΐφιλος,Iliad,17,346
ἀρίζηλος,Iliad,2,318
ἀρίζηλος,Iliad,13,244
ἀρίζηλος,Iliad,18,219
ἀρίζηλος,Iliad,18,221
ἀρίζηλος,Iliad,18,519
ἀρίζηλος,Iliad,22,27
ἄσπερμος,Iliad,20,303
Ἀστύαλος,Iliad,6,29
Ἀστυάναξ,Iliad,6,403
Ἀστυάναξ,Iliad,22,500
Ἀστυάναξ,Iliad,22,506
Ἀστύνοος,Iliad,15,456
Ἀστύπυλος,Iliad,21,209
ἀτάλαντος,Iliad,2,169
ἀτάλαντος,Iliad,2,407
ἀτάλαντος,Iliad,2,627
ἀτάλαντος,Iliad,2,636
ἀτάλαντος,Iliad,2,651
ἀτάλαντος,Iliad,7,47
ἀτάλαντος,Iliad,7,366
ἀτάλαντος,Iliad,8,215
ἀτάλαντος,Iliad,10,137
ἀτάλαντος,Iliad,12,463
ἀτάλαντος,Iliad,13,295
ἀτάλαντος,Iliad,13,328
ἀτάλαντος,Iliad,13,500
ἀτάλαντος,Iliad,13,528
ἀτάλαντος,Iliad,13,795
ἀτάλαντος,Iliad,14,318
ἀτάλαντος,Iliad,15,302
ἀτάλαντος,Iliad,16,784
ἀτάλαντος,Iliad,17,72
ἀτάλαντος,Iliad,17,259
ἀτάλαντος,Iliad,17,477
ἀτάλαντος,Iliad,17,536
ἀταλάφρων,Iliad,6,400
ἀταρβής,Iliad,13,299
ἄτιμος,Iliad,1,171
ἄτιμος (*),Iliad,1,516
ἄτιμος (*),Iliad,16,90
αὐλῶπις,Iliad,11,353
αὐλῶπις,Iliad,13,530
αὐλῶπιςαὐλός,Iliad,5,182
ἄϋπνος,Iliad,9,325
αὐτῆμαρ,Iliad,1,81
αὐτῆμαρ,Iliad,18,454
αὐτοκασίγνηοςω,Iliad,3,238
αὐτοκασίγνητος,Iliad,2,706
αὐτοκασίγνητος,Iliad,11,427
αὐτοκασίγνητος,Iliad,13,534
αὐτοκασίγνητος,Iliad,14,156
αὐτοκασίγνητος,Iliad,16,718
Αὐτόλυκος,Iliad,10,267
Αὐτόνοος,Iliad,11,301
αὐτονυχί,Iliad,8,197
αὐτοστάδιος (*),Iliad,13,325
αὐτοχόωνον,Iliad,23,826
ἄφαλος,Iliad,10,258
Ἀφαρεύς,Iliad,13,478
Ἀφαρεύς,Iliad,13,541
ἀφῆλιξ (*),Iliad,22,490
ἀφρήτωρ,Iliad,9,63
ἄφρων,Iliad,3,220
ἄφρων,Iliad,4,104
ἄφρων,Iliad,5,761
ἄφρων,Iliad,5,875
ἄφρων,Iliad,11,389
ἄφρων,Iliad,24,157
ἄφρων,Iliad,24,186
ἄφυλλος,Iliad,2,425
Ἀψευδής,Iliad,18,46
ἄωρος (*),Iliad,24,540
βαθυδίνης,Iliad,20,73
βαθυδίνης,Iliad,21,143
βαθυδίνης,Iliad,21,212
βαθυδίνης,Iliad,21,228
βαθυδίνης,Iliad,21,329
βαθύζωνος,Iliad,9,594
Βαθυκλῆς,Iliad,16,594
βαθύκολπος,Iliad,18,122
βαθύκολπος,Iliad,18,339
βαθύκολπος,Iliad,24,215
βαθύλειμος,Iliad,9,151
βαθύλειμος,Iliad,9,293
βαθύρροον,Iliad,21,8
βαθύσχοινον,Iliad,4,383
βαρβαρόφωνος,Iliad,2,867
Βιάνωρ,Iliad,11,92
βλοσυρῶπις,Iliad,11,36
βοάγριος,Iliad,2,533
βοάγριος,Iliad,12,22
Βουπράσιος,Iliad,2,615
Βουπράσιος,Iliad,11,756
Βουπράσιος,Iliad,11,760
βοῶπις,Iliad,1,551
βοῶπις,Iliad,1,568
βοῶπις,Iliad,3,144
βοῶπις,Iliad,4,50
βοῶπις,Iliad,7,10
βοῶπις,Iliad,8,471
βοῶπις,Iliad,14,159
βοῶπις,Iliad,14,222
βοῶπις,Iliad,14,263
βοῶπις,Iliad,15,34
βοῶπις,Iliad,15,49
βοῶπις,Iliad,16,439
βοῶπις,Iliad,18,239
βοῶπις,Iliad,18,357
βοῶπις,Iliad,18,360
βοῶπις,Iliad,20,309
βροτολοιγός,Iliad,5,31
βροτολοιγός,Iliad,5,455
βροτολοιγός,Iliad,5,518
βροτολοιγός,Iliad,5,846
βροτολοιγός,Iliad,5,909
βροτολοιγός,Iliad,8,349
βροτολοιγός,Iliad,11,295
βροτολοιγός,Iliad,12,130
βροτολοιγός,Iliad,13,298
βροτολοιγός,Iliad,13,802
βροτολοιγός,Iliad,20,46
βροτολοιγός,Iliad,21,421
γαμψῶνυξ,Iliad,16,428
γλαυκῶπις,Iliad,1,206
γλαυκῶπις,Iliad,2,166
γλαυκῶπις,Iliad,2,172
γλαυκῶπις,Iliad,2,279
γλαυκῶπις,Iliad,2,446
γλαυκῶπις,Iliad,4,439
γλαυκῶπις,Iliad,5,29
γλαυκῶπις,Iliad,5,133
γλαυκῶπις,Iliad,5,405
γλαυκῶπις,Iliad,5,420
γλαυκῶπις,Iliad,5,719
γλαυκῶπις,Iliad,5,793
γλαυκῶπις,Iliad,5,825
γλαυκῶπις,Iliad,5,853
γλαυκῶπις,Iliad,6,88
γλαυκῶπις,Iliad,7,17
γλαυκῶπις,Iliad,7,33
γλαυκῶπις,Iliad,7,43
γλαυκῶπις,Iliad,8,30
γλαυκῶπις,Iliad,8,357
γλαυκῶπις,Iliad,8,406
γλαυκῶπις,Iliad,8,420
γλαυκῶπις,Iliad,9,390
γλαυκῶπις,Iliad,10,482
γλαυκῶπις,Iliad,10,553
γλαυκῶπις,Iliad,11,729
γλαυκῶπις,Iliad,17,567
γλαυκῶπις,Iliad,18,227
γλαυκῶπις,Iliad,20,69
γλαυκῶπις,Iliad,22,177
γλαυκῶπις,Iliad,22,214
γλαυκῶπις,Iliad,22,238
γλαυκῶπις,Iliad,22,446
γλαυκῶπις,Iliad,23,769
γλαυκῶπις,Iliad,24,26
γλαυκῶπς,Iliad,8,373
γλυκύθυμος,Iliad,20,467
δαΐφρονι,Iliad,17,123
δαΐφρων,Iliad,2,23
δαΐφρων,Iliad,2,60
δαΐφρων,Iliad,2,875
δαΐφρων,Iliad,4,93
δαΐφρων,Iliad,4,252
δαΐφρων,Iliad,4,370
δαΐφρων,Iliad,5,181
δαΐφρων,Iliad,5,184
δαΐφρων,Iliad,5,277
δαΐφρων,Iliad,5,813
δαΐφρων,Iliad,6,162
δαΐφρων,Iliad,6,196
δαΐφρων,Iliad,8,152
δαΐφρων,Iliad,9,651
δαΐφρων,Iliad,10,402
δαΐφρων,Iliad,11,123
δαΐφρων,Iliad,11,138
δαΐφρων,Iliad,11,197
δαΐφρων,Iliad,11,450
δαΐφρων,Iliad,11,456
δαΐφρων,Iliad,11,482
δαΐφρων,Iliad,11,791
δαΐφρων,Iliad,11,839
δαΐφρων,Iliad,13,164
δαΐφρων,Iliad,13,418
δαΐφρων,Iliad,14,459
δαΐφρων,Iliad,14,487
δαΐφρων,Iliad,15,239
δαΐφρων,Iliad,16,727
δαΐφρων,Iliad,17,76
δαΐφρων,Iliad,17,312
δαΐφρων,Iliad,17,654
δαΐφρων,Iliad,18,18
δαΐφρων,Iliad,18,30
δαΐφρων,Iliad,20,267
δαΐφρων,Iliad,23,405
δαΐφρων,Iliad,24,325
Δηΐπυλος,Iliad,5,325
Δηΐπυρος,Iliad,9,83
Δηΐπυρος,Iliad,13,92
Δηΐπυρος,Iliad,13,478
Δηΐπυρος,Iliad,13,576
δημογέρων,Iliad,3,149
δημογέρων,Iliad,11,372
Δημολέων,Iliad,20,395
διαμπερής,Iliad,12,398
διαμπερής,Iliad,12,398
διαμπερής,Iliad,15,70
διαμπερής,Iliad,16,499
διαμπερής,Iliad,16,618
διαμπερής,Iliad,16,640
διαμπερής,Iliad,19,272
διαμπερής,Iliad,20,362
διαμπερής,Iliad,22,264
διαμπερής (*),Iliad,5,112
διαμπερής (*),Iliad,5,658
διαμπερής (*),Iliad,5,284
διαμπερής (*),Iliad,7,171
διαμπερής (*),Iliad,10,89
διαμπερής (*),Iliad,10,325
διαμπερής (*),Iliad,10,331
διαμπερής (*),Iliad,11,377
διαμπερής (*),Iliad,13,547
διαμπερής (*),Iliad,18,563
δίζυξ,Iliad,10,473
Διοκλής,Iliad,5,542
Διοκλής,Iliad,5,547
Διοκλής,Iliad,5,548
δίσκουρα,Iliad,23,523
δολιχεγχής,Iliad,21,155
δολιχόσκιος,Iliad,3,346
δολιχόσκιος,Iliad,3,355
δολιχόσκιος,Iliad,5,15
δολιχόσκιος,Iliad,5,280
δολιχόσκιος,Iliad,5,616
δολιχόσκιος,Iliad,6,44
δολιχόσκιος,Iliad,6,126
δολιχόσκιος,Iliad,7,213
δολιχόσκιος,Iliad,7,244
δολιχόσκιος,Iliad,7,249
δολιχόσκιος,Iliad,11,349
δολιχόσκιος,Iliad,13,509
δολιχόσκιος,Iliad,16,801
δολιχόσκιος,Iliad,17,516
δολιχόσκιος,Iliad,20,262
δολιχόσκιος,Iliad,20,273
δολιχόσκιος,Iliad,22,273
δολιχόσκιος,Iliad,22,289
δολιχόσκιος,Iliad,21,139
δολιχόσκιος,Iliad,23,798
δολιχόσκιος,Iliad,23,884
δολομήτης,Iliad,1,540
Δολοπίων,Iliad,5,77
δολόφρων (*),Iliad,19,97
δολόφρων (*),Iliad,19,112
Δορυκλῆς (*),Iliad,11,489
δουλιχοδείρος,Iliad,15,692
δουλιχόδειρος,Iliad,2,460
δυσάμμορος,Iliad,22,428
δυσάμμορος,Iliad,22,485
δυσάμμορος,Iliad,24,727
δυσηλεγής,Iliad,20,154
δυσηχής,Iliad,2,686
δυσηχής,Iliad,7,376
δυσηχής,Iliad,7,395
δυσηχής,Iliad,11,524
δυσηχής,Iliad,11,590
δυσηχής,Iliad,13,535
δυσηχής,Iliad,16,442
δυσηχής,Iliad,18,307
δυσηχής,Iliad,18,464
δυσηχής,Iliad,22,180
δυσκέλαδος,Iliad,16,357
δυσκλεής,Iliad,2,115
δυσκλεής,Iliad,9,22
δυσμενέσιν,Iliad,3,51
δυσμενής,Iliad,5,488
δυσμενής,Iliad,6,453
δυσμενής,Iliad,10,40
δυσμενής,Iliad,10,100
δυσμενής,Iliad,10,193
δυσμενής,Iliad,10,395
δυσμενής,Iliad,13,263
δυσμενής,Iliad,16,521
δυσμενής,Iliad,19,62
δυσμενής,Iliad,19,168
δυσμενής,Iliad,17,158
δυσμενής,Iliad,24,288
δυσμενής,Iliad,24,365
Δύσπαρις,Iliad,3,39
Δύσπαρις,Iliad,13,769
δυσπέμφελος,Iliad,16,748
δυσχείμερος,Iliad,2,750
δυσχείμερος,Iliad,16,234
δυσώνυμος,Iliad,6,255
δυσώνυμος,Iliad,12,116
δυώδεκα,Iliad,21,27
δυώδεκα,Iliad,24,31
δυώδεκα (*),Iliad,21,46
δυώδεκα (*),Iliad,21,81
δυώδεκα (*),Iliad,24,413
δυώδεκα (*),Iliad,24,667
δυωδεκάβοιος,Iliad,23,703
δυωκαιεικοσίμετρον,Iliad,23,264
δυωκαιεικοσίπηχυς,Iliad,15,678
δώδεκα,Iliad,24,229
δώδεκα,Iliad,24,230
δώδεκα,Iliad,24,603
ἐγκέφαλος,Iliad,3,300
ἐγκέφαλος,Iliad,8,85
ἐγκέφαλος,Iliad,11,97
ἐγκέφαλος,Iliad,12,185
ἐγκέφαλος,Iliad,16,347
ἐγκέφαλος,Iliad,17,397
ἐγκέφαλος,Iliad,20,399
ἐγχεσίμωρος,Iliad,2,692
ἐγχεσίμωρος,Iliad,2,840
ἐγχεσίμωρος,Iliad,7,134
εἰκοσινήριτος,Iliad,22,349
εἰλίπους,Iliad,9,466
εἰλίπους,Iliad,15,547
εἰλίπους,Iliad,16,488
εἰλίπους,Iliad,21,448
εἰλίπους,Iliad,23,166
εἰλίποῦς,Iliad,6,424
εἰναέτης,Iliad,18,400
εἰνάνυχες,Iliad,9,470
εἰροκόμος,Iliad,3,387
ἑκατόγχειρος,Iliad,1,402
ἑκατόζυγος,Iliad,20,247
ἑκατόμβοιος,Iliad,2,449
ἑκατόμβοιος,Iliad,6,236
ἑκατόμβοιος,Iliad,7,450
ἑκατόμβοιος,Iliad,21,79
ἑκατόμβοιος (*),Iliad,6,115
ἑκατόμβοιος (*),Iliad,9,535
ἑκατόμβοιος (*),Iliad,12,6
ἑκατόμβοιος (*),Iliad,23,146
ἑκατόμβοιος (*),Iliad,23,206
ἑκατόμβοιος (*),Iliad,23,846
ἑκατόμβοιος (*),Iliad,23,873
ἑκατόμπεδος,Iliad,23,164
ἑκατόμπολις,Iliad,2,649
ἑκατόμπυλος,Iliad,9,383
ἔκδηλος,Iliad,5,2
Ἐλεφήνωρ,Iliad,2,540
Ἐλεφήνωρ,Iliad,4,463
ἑλικώπις,Iliad,1,98
ἑλίκωψ,Iliad,1,388
ἑλίκωψ,Iliad,3,190
ἑλίκωψ,Iliad,3,234
ἑλίκωψ,Iliad,16,569
ἑλίκωψ,Iliad,17,274
ἑλίκωψ,Iliad,24,402
Ἑλλήσποντον,Iliad,18,150
Ἑλλήσποντος,Iliad,9,360
Ἑλλήσποντος,Iliad,2,845
Ἑλλήσποντος,Iliad,7,86
Ἑλλήσποντος,Iliad,12,30
Ἑλλήσποντος,Iliad,15,233
Ἑλλήσποντος,Iliad,17,432
Ἑλλήσποντος,Iliad,23,2
Ἑλλήσποντος,Iliad,24,346
Ἑλλήσποντος,Iliad,24,545
ἔμπεδος,Iliad,6,352
ἔμπεδος,Iliad,7,157
ἔμπεδος,Iliad,8,521
ἔμπεδος,Iliad,9,335
ἔμπεδος,Iliad,10,94
ἔμπεδος,Iliad,11,670
ἔμπεδος,Iliad,12,9
ἔμπεδος,Iliad,12,12
ἔμπεδος,Iliad,12,281
ἔμπεδος,Iliad,13,37
ἔμπεδος,Iliad,13,141
ἔμπεδος,Iliad,13,512
ἔμπεδος,Iliad,15,406
ἔμπεδος,Iliad,15,622
ἔμπεδος,Iliad,15,683
ἔμπεδος,Iliad,16,107
ἔμπεδος,Iliad,16,520
ἔμπεδος,Iliad,19,33
ἔμπεδος,Iliad,19,39
ἔμπεδος,Iliad,17,434
ἔμπεδος,Iliad,18,158
ἔμπεδος,Iliad,20,183
ἔμπεδος,Iliad,22,192
ἔμπεδος,Iliad,23,627
ἔμπεδος,Iliad,23,629
ἔμπεδος,Iliad,23,640
ἔμπεδος,Iliad,23,641
ἐναίσιμος,Iliad,2,353
ἐναίσιμος,Iliad,6,519
ἐναίσιμος,Iliad,24,40
ἐναίσιμος,Iliad,24,425
ἐναλίγκιος,Iliad,5,5
ἐναλίγκιος,Iliad,13,242
ἐναλίγκιος,Iliad,14,290
ἐναλίγκιος,Iliad,19,250
ἐναλίγκιος,Iliad,17,583
ἐναλίγκιος,Iliad,22,410
ἐναντίβιος,Iliad,8,168
ἐναντίβιος,Iliad,8,255
ἐναντίβιος,Iliad,10,450
ἐναντίβιος,Iliad,15,179
ἐναντίβιος,Iliad,17,490
ἐναντίβιος,Iliad,20,85
ἐναντίβιος,Iliad,20,130
ἐναντίβιος,Iliad,22,223
ἐναντίβιος,Iliad,21,266
ἐναντίβιος,Iliad,21,477
ἐναντίος,Iliad,3,431
ἐναντίος,Iliad,9,190
ἐναντίος,Iliad,9,559
ἐναντίος,Iliad,13,106
ἐναντίος,Iliad,20,97
ἐναντίος,Iliad,20,252
ἐναντίος,Iliad,20,257
ἐνάντιος,Iliad,5,497
ἐνάντιος,Iliad,6,106
ἐνάντιος,Iliad,6,247
ἐνάντιος,Iliad,6,251
ἐνάντιος,Iliad,6,394
ἐνάντιος,Iliad,11,67
ἐνάντιος,Iliad,11,129
ἐνάντιος,Iliad,11,214
ἐνάντιος,Iliad,13,448
ἐνάντιος,Iliad,15,304
ἐνάντιος,Iliad,17,343
ἐναρίθμιος,Iliad,2,202
ἔναυλος,Iliad,21,283
ἔναυλος,Iliad,21,312
ἕνδεκα,Iliad,21,45
ἑνδέκα (*),Iliad,21,156
ἕνδεκα (*),Iliad,24,666
ἑνδεκάπηχυς,Iliad,6,319
ἑνδεκάπηχυς,Iliad,8,494
ἐνδέξιος,Iliad,1,597
ἐνδέξιος,Iliad,7,184
ἐνδέξιος,Iliad,9,236
ἔνδιος,Iliad,11,726
ἐνιαυτός,Iliad,8,404
ἐνιαυτός,Iliad,8,418
ἐνιαυτός,Iliad,23,833
ἐννεάβοιος,Iliad,6,236
ἐννεάπηχυς,Iliad,24,270
ἐννέωρος,Iliad,18,351
ἐννῆμαρ,Iliad,1,53
ἐννῆμαρ,Iliad,6,174
ἐννῆμαρ,Iliad,12,25
ἐννῆμαρ,Iliad,24,107
ἐννῆμαρ,Iliad,24,610
ἐννῆμαρ,Iliad,24,664
Ἔννομος,Iliad,11,422
Ἔννομος,Iliad,17,218
ἐννύχιος,Iliad,11,683
ἐννύχιος,Iliad,21,37
ἔννυχος,Iliad,11,716
ἐνόδιος,Iliad,16,260
ἐνοπή,Iliad,3,2
ἐνώπιος (*),Iliad,8,435
ἐπαίτιος,Iliad,1,335
ἐπήτριμος,Iliad,19,226
ἐπήτριμος,Iliad,18,211
ἐπίδεξιος,Iliad,2,353
ἐπιδήμιος,Iliad,9,64
ἐπιδήμιος,Iliad,24,262
ἐπιδιφριάς,Iliad,10,475
ἐπιείκελος,Iliad,1,265
ἐπιείκελος,Iliad,4,394
ἐπιείκελος,Iliad,9,485
ἐπιείκελος,Iliad,9,494
ἐπιείκελος,Iliad,11,60
ἐπιείκελος,Iliad,22,279
ἐπιείκελος,Iliad,23,80
ἐπιείκελος,Iliad,24,486
ἐπιεικής,Iliad,8,431
Ἐπικλῆς,Iliad,12,379
ἐπίκουρος,Iliad,2,130
ἐπίκουρος,Iliad,2,803
ἐπίκουρος,Iliad,2,815
ἐπίκουρος,Iliad,3,188
ἐπίκουρος,Iliad,3,451
ἐπίκουρος,Iliad,3,456
ἐπίκουρος,Iliad,4,379
ἐπίκουρος,Iliad,5,473
ἐπίκουρος,Iliad,5,477
ἐπίκουρος,Iliad,5,478
ἐπίκουρος,Iliad,5,491
ἐπίκουρος,Iliad,6,111
ἐπίκουρος,Iliad,6,227
ἐπίκουρος,Iliad,7,348
ἐπίκουρος,Iliad,7,368
ἐπίκουρος,Iliad,7,477
ἐπίκουρος,Iliad,8,497
ἐπίκουρος,Iliad,9,233
ἐπίκουρος,Iliad,10,420
ἐπίκουρος,Iliad,11,220
ἐπίκουρος,Iliad,11,564
ἐπίκουρος,Iliad,12,61
ἐπίκουρος,Iliad,12,101
ἐπίκουρος,Iliad,12,108
ἐπίκουρος,Iliad,13,755
ἐπίκουρος,Iliad,16,538
ἐπίκουρος,Iliad,17,14
ἐπίκουρος,Iliad,17,212
ἐπίκουρος,Iliad,17,220
ἐπίκουρος,Iliad,17,335
ἐπίκουρος,Iliad,17,362
ἐπίκουρος,Iliad,18,229
ἐπίκουρος,Iliad,21,431
ἐπικρατής,Iliad,16,67
ἐπικρατής,Iliad,16,81
ἐπικρατής (*),Iliad,23,863
ἐπιμάρτυρος,Iliad,7,76
ἐπινεφρίδιον,Iliad,21,204
ἐπίξυνος,Iliad,12,424
ἐπίορκος,Iliad,3,279
ἐπίορκος,Iliad,10,332
ἐπίορκος,Iliad,19,260
ἐπίορκος,Iliad,19,264
ἐπισκύνιον,Iliad,17,136
ἐπίσσωτρον,Iliad,5,725
ἐπίσσωτρον,Iliad,11,537
ἐπίσσωτρον,Iliad,20,394
ἐπίσσωτρον,Iliad,20,502
ἐπίσσωτρον,Iliad,23,519
ἐπισφύριος,Iliad,3,331
ἐπισφύριος,Iliad,16,132
ἐπισφύριος,Iliad,19,370
ἐπισφύριος,Iliad,18,459
ἐπίσφυρος,Iliad,11,18
ἐπισχερώ,Iliad,11,668
ἐπιτάρροθος,Iliad,5,808
ἐπιτάρροθος,Iliad,11,366
ἐπιτάρροθος,Iliad,12,180
ἐπιτάρροθος,Iliad,17,339
ἐπιτάρροθός,Iliad,5,828
ἐπιχθόνιος,Iliad,1,266
ἐπιχθόνιος,Iliad,1,272
ἐπιχθόνιος,Iliad,2,553
ἐπιχθόνιος,Iliad,4,45
ἐπιχθόνιος,Iliad,9,558
ἐπιχθόνιος,Iliad,24,505
ἐπιχθὀνιος,Iliad,24,220
ἐπομφάλιος,Iliad,7,267
ἐπουράνιος,Iliad,6,129
ἐπουράνιος,Iliad,6,131
ἐπουράνιος,Iliad,6,527
ἑπταβόειος,Iliad,11,545
ἑπτάβοιος,Iliad,7,220
ἑπτάβοιος,Iliad,7,222
ἑπτάβοιος,Iliad,7,245
ἑπτάβοιος,Iliad,7,266
ἑπταπόδης,Iliad,15,729
ἑπτάπυλος,Iliad,4,406
ἐπώνυμος,Iliad,9,562
ἐριαύχην,Iliad,10,305
ἐριαύχην,Iliad,11,159
ἐριαύχην,Iliad,17,496
ἐριαύχην,Iliad,18,280
ἐριαύχην,Iliad,23,171
ἐριβώλαξ,Iliad,1,155
ἐριβῶλαξ,Iliad,2,841
ἐριβῶλαξ,Iliad,3,74
ἐριβῶλαξ,Iliad,3,257
ἐριβῶλαξ,Iliad,5,44
ἐριβῶλαξ,Iliad,6,315
ἐριβῶλαξ,Iliad,9,479
ἐριβῶλαξ,Iliad,11,222
ἐριβῶλαξ,Iliad,13,793
ἐριβῶλαξ,Iliad,16,461
ἐριβῶλαξ,Iliad,17,172
ἐριβῶλαξ,Iliad,17,301
ἐριβῶλαξ,Iliad,17,350
ἐριβῶλαξ,Iliad,20,485
ἐριβῶλαξ,Iliad,24,86
ἐρίβωλος,Iliad,9,329
ἐρίβωλος,Iliad,9,363
ἐρίβωλος,Iliad,18,67
ἐρίβωλος,Iliad,21,154
ἐρίβωλος,Iliad,21,232
ἐρίβωλος,Iliad,23,215
ἐρίγδουπος,Iliad,5,672
ἐρίγδουπος,Iliad,7,411
ἐρίγδουπος,Iliad,10,329
ἐρίγδουπος,Iliad,11,152
ἐρίγδουπος,Iliad,12,235
ἐρίγδουπος,Iliad,13,154
ἐρίγδουπος,Iliad,15,293
ἐρίγδουπος,Iliad,16,88
ἐρίδουπος,Iliad,20,50
ἐρίδουπος,Iliad,24,323
ἐρικυδής,Iliad,3,65
ἐρικυδής,Iliad,11,225
ἐρικυδής,Iliad,14,327
ἐρικυδής,Iliad,20,265
ἐρικυδής,Iliad,24,802
ἐριούνιος,Iliad,24,360
ἐριούνιος,Iliad,24,440
ἐριούνιος,Iliad,24,457
ἐριούνιος,Iliad,24,679
ἐρισθενής,Iliad,13,54
ἐρισθενής,Iliad,21,184
ἐρίτιμος,Iliad,9,126
ἐρίτιμος,Iliad,9,268
ἐρίτιμος,Iliad,15,361
Ἐριχθόνιος,Iliad,20,219
Ἐριχθόνιος,Iliad,20,230
Ἐριῶπις,Iliad,13,697
Ἐριῶπις,Iliad,15,336
Ἐτεοκλής (*),Iliad,4,386
ἑτεραλκής,Iliad,7,26
ἑτεραλκής,Iliad,8,171
ἑτεραλκής,Iliad,15,728
ἑτεραλκής,Iliad,16,362
ἑτεραλκής,Iliad,17,627
Εὐαίμων,Iliad,2,736
Εὐαίμων,Iliad,5,79
Εὐαίμων,Iliad,7,167
Εὐαίμων,Iliad,8,265
Εὐαίμων,Iliad,11,575
Εὐαίμων,Iliad,11,810
Εὐαίμων (*),Iliad,5,76
εὔβοος (*),Iliad,2,535
εὔβοος (*),Iliad,2,536
εὐγένειος,Iliad,15,275
εὐγένειος,Iliad,17,109
εὐγένειος,Iliad,18,318
Εὔδωρος,Iliad,16,179
Εὔδωρος,Iliad,16,186
εὐειδής,Iliad,3,48
εὐερκής,Iliad,9,472
εὔζωνος,Iliad,1,429
εὔζωνος,Iliad,6,467
εὔζωνος,Iliad,9,366
εὔζωνος,Iliad,9,590
εὔζωνος,Iliad,23,261
εὔζωνος,Iliad,23,760
ἐΰζωνος,Iliad,9,667
εὐήκης,Iliad,22,319
εὐηφενής,Iliad,11,427
εὐηφενής,Iliad,23,81
εὖθριξ,Iliad,23,13
εὖθριξ,Iliad,23,301
εὖθριξ,Iliad,23,351
εὔθρονος,Iliad,8,565
Εὔιππος,Iliad,16,417
εὔκηλος,Iliad,1,554
εὔκηλος,Iliad,17,371
εὐκλεής,Iliad,17,415
εὐκλεής (*),Iliad,8,285
εὐκλεής (*),Iliad,10,281
εὐκνήμις,Iliad,3,343
εὐκνήμις,Iliad,1,17
εὐκνήμις,Iliad,2,331
εὐκνήμις,Iliad,3,86
εὐκνήμις,Iliad,3,156
εὐκνήμις,Iliad,3,304
εὐκνήμις,Iliad,3,370
εὐκνήμις,Iliad,3,377
εὐκνήμις,Iliad,4,80
εὐκνήμις,Iliad,4,414
εὐκνήμις,Iliad,5,264
εὐκνήμις,Iliad,5,324
εὐκνήμις,Iliad,5,668
εὐκνήμις,Iliad,6,529
εὐκνήμις,Iliad,7,57
εὐκνήμις,Iliad,7,67
εὐκνήμις,Iliad,7,172
εὐκνήμις,Iliad,7,311
εὐκνήμις,Iliad,7,430
εὐκνήμις,Iliad,11,149
εὐκνήμις,Iliad,12,140
εὐκνήμις,Iliad,13,51
εὐκνήμις,Iliad,13,401
εὐκνήμις,Iliad,14,49
εὐκνήμις,Iliad,19,74
εὐκνήμις,Iliad,17,370
εὐκνήμις,Iliad,18,151
εὐκνήμις,Iliad,23,272
εὐκνήμις,Iliad,23,657
εὐκνήμις,Iliad,23,721
εὐκνήμις,Iliad,24,800
εὔκομος,Iliad,1,36
εὔκομος,Iliad,2,689
εὔκομος,Iliad,3,329
εὔκομος,Iliad,4,512
εὔκομος,Iliad,6,92
εὔκομος,Iliad,6,273
εὔκομος,Iliad,6,303
εὔκομος,Iliad,7,355
εὔκομος,Iliad,8,82
εὔκομος,Iliad,9,339
εὔκομος,Iliad,10,5
εὔκομος,Iliad,11,369
εὔκομος,Iliad,11,505
εὔκομος,Iliad,13,766
εὔκομος,Iliad,16,860
εὔκομος,Iliad,19,413
εὔκομος,Iliad,24,466
εὔκομος,Iliad,24,602
εὔκυκλος,Iliad,5,453
εὔκυκλος,Iliad,5,797
εὔκυκλος,Iliad,12,426
εὔκυκλος,Iliad,13,715
εὔκυκλος,Iliad,14,428
Εὔμηλος,Iliad,2,713
Εὔμηλος,Iliad,2,764
Εὔμηλος,Iliad,23,288
Εὔμηλος,Iliad,23,354
Εὔμηλος,Iliad,23,380
Εὔμηλος,Iliad,23,481
Εὔμηλος,Iliad,23,559
Εὔμηλος,Iliad,23,565
εὐμμελίης,Iliad,17,9
εὐμμελίης,Iliad,17,23
εὐμμελίης,Iliad,17,59
ἐϋμμελίης,Iliad,4,47
ἐϋμμελίης,Iliad,4,165
ἐϋμμέλιος,Iliad,6,449
Εὔνευς,Iliad,23,747
Εὔνηος,Iliad,7,468
εὔορμος,Iliad,21,23
εὐπατέρεια,Iliad,6,292
εὔπεπλος,Iliad,5,424
εὔπεπλος,Iliad,6,372
εὔπεπλος,Iliad,6,378
εὔπεπλος,Iliad,6,383
εὔπεπλος,Iliad,24,769
εὐπλόκαμος,Iliad,6,380
εὐπλόκαμος,Iliad,6,385
εὐπλόκαμος,Iliad,11,624
εὐπλόκαμος,Iliad,14,6
εὐπλόκαμος,Iliad,18,48
εὐπλόκαμος,Iliad,22,443
εὐπλόκαμος,Iliad,22,449
εὔπρυμνος,Iliad,4,248
εὔπυργος,Iliad,7,71
εὔπωλος,Iliad,5,551
εὔπωλος,Iliad,16,576
εὐρρεής,Iliad,21,1
εὐρυάγυια,Iliad,2,12
εὐρυάγυια,Iliad,2,29
εὐρυάγυια,Iliad,2,66
εὐρυάγυια,Iliad,2,141
εὐρυάγυια,Iliad,2,329
εὐρυάγυια,Iliad,4,52
εὐρυάγυια,Iliad,9,28
εὐρυάγυια,Iliad,14,88
Εὐρύαλος,Iliad,2,565
Εὐρύαλος,Iliad,6,20
Εὐρύαλος,Iliad,23,677
εὐρυμέτωπος,Iliad,10,292
εὐρυμέτωπος,Iliad,20,495
εὐρυόδειος,Iliad,16,635
εὐρυπυλής,Iliad,23,74
Εὐρύπυλος,Iliad,2,677
Εὐρύπυλος,Iliad,2,736
Εὐρύπυλος,Iliad,5,76
Εὐρύπυλος,Iliad,5,79
Εὐρύπυλος,Iliad,6,36
Εὐρύπυλος,Iliad,7,167
Εὐρύπυλος,Iliad,8,265
Εὐρύπυλος,Iliad,11,576
Εὐρύπυλος,Iliad,11,580
Εὐρύπυλος,Iliad,11,592
Εὐρύπυλος,Iliad,11,662
Εὐρύπυλος,Iliad,11,809
Εὐρύπυλος,Iliad,11,819
Εὐρύπυλος,Iliad,11,822
Εὐρύπυλος,Iliad,11,838
Εὐρύπυλος,Iliad,12,2
Εὐρύπυλος,Iliad,15,393
Εὐρύπυλος,Iliad,15,399
Εὐρύπυλος,Iliad,16,27
Εὐρυπύλῳ,Iliad,11,583
εὐρυρέεθρος,Iliad,21,141
εὐρυσθενής,Iliad,7,455
εὐρυσθενής,Iliad,8,201
Εὐρυσθένης,Iliad,8,363
Εὐρυσθένης (*),Iliad,15,639
Εὐρυσθένης (*),Iliad,19,123
Εὐρυσθένης (*),Iliad,19,133
εὐρύχορος,Iliad,2,498
εὐρύχορος,Iliad,9,478
εὐρύχορος,Iliad,23,299
εὐρύωψ,Iliad,1,498
εὐρύωψ,Iliad,5,265
εὐρύωψ,Iliad,8,206
εὐρύωψ,Iliad,8,442
εὐρύωψ,Iliad,9,419
εὐρύωψ,Iliad,9,686
εὐρύωψ,Iliad,13,732
εὐρύωψ,Iliad,14,203
εὐρύωψ,Iliad,14,265
εὐρύωψ,Iliad,15,152
εὐρύωψ,Iliad,15,724
εὐρύωψ,Iliad,16,241
εὐρύωψ,Iliad,17,545
εὐρύωψ,Iliad,24,98
εὐρύωψ,Iliad,24,296
εὐρύωψ,Iliad,24,331
εὔσελμος,Iliad,2,170
εὔσελμος,Iliad,2,358
εὔσελμος,Iliad,2,603
εὔσελμος,Iliad,7,84
εὔσελμος,Iliad,7,419
εὔσελμος,Iliad,9,231
εὔσελμος,Iliad,9,683
εὔσελμος,Iliad,11,193
εὔσελμος,Iliad,11,208
εὔσελμος,Iliad,14,97
εὔσελμος,Iliad,14,106
εὔσελμος,Iliad,15,477
εὔσελμος,Iliad,16,1
εὔσελμος,Iliad,17,454
εὔσκαρθμος,Iliad,13,31
Εὔσσωρος,Iliad,6,8
εὐστέφανος,Iliad,19,99
εὐστέφανος,Iliad,21,511
εὐτειχής,Iliad,16,57
εὔτειχος,Iliad,1,129
εὔτειχος,Iliad,2,113
εὔτειχος,Iliad,2,288
εὔτειχος,Iliad,5,716
εὔτειχος,Iliad,8,241
εὔτειχος,Iliad,9,20
Εὔφημος,Iliad,2,846
εὔφρων,Iliad,3,246
εὐφυής,Iliad,4,147
εὔχαλκος,Iliad,7,12
εὔχαλκος,Iliad,13,612
εὔχαλκος,Iliad,20,322
Εὐχήνωρ,Iliad,13,663
εὐώδης,Iliad,3,382
ζάθεος,Iliad,2,508
ζάθεος,Iliad,9,293
ζάκοτον,Iliad,3,220
ζαχρηής,Iliad,5,525
ζείδωρος,Iliad,2,548
ζείδωρος,Iliad,8,486
ζείδωρος,Iliad,20,226
ζυγόδεσμον,Iliad,24,270
ζωάγρια,Iliad,18,408
ἠγάθεος,Iliad,2,722
ἠγάθεος,Iliad,6,133
ἡδυεπὴς,Iliad,1,248
Ἠερίβοιος (*),Iliad,5,389
ἠεροειδής,Iliad,5,770
ἠεροειδής,Iliad,23,744
ἠερόφωνος,Iliad,18,505
ἠλιτόμηνος,Iliad,19,118
ἡμίθεος,Iliad,12,23
ἡμίονος,Iliad,23,121
ἡμίονος,Iliad,23,260
ἡμίονος,Iliad,23,266
ἡμίονος,Iliad,23,654
ἡμίονος,Iliad,23,662
ἡμίονος,Iliad,23,666
ἡμίονος,Iliad,23,668
ἡμίονος,Iliad,24,150
ἡμίονος,Iliad,24,179
ἡμίονος,Iliad,24,277
ἡμίονος,Iliad,24,324
ἡμίονος,Iliad,24,350
ἡμίονος,Iliad,24,362
ἡμίονος,Iliad,24,442
ἡμίονος,Iliad,24,471
ἡμίονος,Iliad,24,576
ἡμίονος,Iliad,24,691
ἡμίονος,Iliad,24,697
ἡμίονος,Iliad,24,702
ἡμίονος,Iliad,24,782
ἡμίονος (*),Iliad,24,189
ἡμίονος (*),Iliad,24,266
ἡμίονος (*),Iliad,24,268
ἡμιπέλεκκον,Iliad,23,851
ἡμιπέλεκκον,Iliad,23,858
ἡμιπέλεκκον,Iliad,23,883
ἡμιτάλαντος,Iliad,23,751
ἡμιτάλαντος,Iliad,23,796
ἡμιτελής,Iliad,2,701
ἠπιόδωρος,Iliad,6,251
Ἡρακλέης (*),Iliad,2,659
Ἡρακλέης (*),Iliad,2,666
Ἡρακλέης (*),Iliad,2,679
Ἡρακλῆς,Iliad,14,266
Ἡρακλῆς,Iliad,14,324
Ἡρακλῆς,Iliad,15,25
Ἡρακλῆς,Iliad,18,117
Ἡρακλῆς (*),Iliad,11,690
Ἡρακλῆς (*),Iliad,15,640
Ἡρακλῆς (*),Iliad,19,98
θεοειδής,Iliad,2,623
θεοειδής,Iliad,2,862
θεοειδής,Iliad,3,16
θεοειδής,Iliad,3,27
θεοειδής,Iliad,3,30
θεοειδής,Iliad,3,37
θεοειδής,Iliad,3,58
θεοειδής,Iliad,3,450
θεοειδής,Iliad,6,290
θεοειδής,Iliad,6,332
θεοειδής,Iliad,6,517
θεοειδής,Iliad,11,581
θεοειδής,Iliad,12,94
θεοειδής,Iliad,13,774
θεοειδής,Iliad,19,327
θεοειδής,Iliad,17,494
θεοειδής,Iliad,17,534
θεοειδής,Iliad,24,217
θεοειδής,Iliad,24,299
θεοειδής,Iliad,24,372
θεοειδής,Iliad,24,386
θεοειδής,Iliad,24,405
θεοειδής,Iliad,24,483
θεοειδής,Iliad,24,552
θεοειδής,Iliad,24,634
θεοειδής,Iliad,24,659
θεοειδής,Iliad,24,763
θεοείκελος,Iliad,1,131
θεοείκελος,Iliad,19,155
θρασυκάρδιος,Iliad,10,41
θρασυκάρδιος,Iliad,13,343
Θρασύμηλος,Iliad,16,463
θυμαλγής,Iliad,4,513
θυμαλγής,Iliad,9,260
θυμαλγής,Iliad,9,387
θυμαλγής,Iliad,9,565
θυμολέων,Iliad,5,639
θυμολέων,Iliad,7,228
Ἰλιονεύς,Iliad,14,489
Ἰλιονεύς,Iliad,14,492
Ἰλιονεύς,Iliad,14,501
ἰοειδής,Iliad,11,298
ἰόμωροι,Iliad,4,242
ἰόμωρος,Iliad,14,479
ἰοχέαιρα,Iliad,5,53
ἰοχέαιρα,Iliad,5,447
ἰοχέαιρα,Iliad,6,428
ἰοχέαιρα,Iliad,9,538
ἰοχέαιρα,Iliad,20,39
ἰοχέαιρα,Iliad,20,71
ἰοχέαιρα,Iliad,21,480
ἰοχέαιρα,Iliad,24,606
ἱππιοχαίτης,Iliad,6,469
ἱππιοχάρμη,Iliad,24,257
ἱπποδασύς,Iliad,3,369
ἱπποδασύς,Iliad,4,459
ἱπποδασύς,Iliad,6,9
ἱπποδασύς,Iliad,13,614
ἱπποδασύς,Iliad,13,714
ἱπποδασύς,Iliad,15,535
ἱππόδασυς,Iliad,17,295
ἱπποκέλευθος,Iliad,16,126
ἱπποκέλευθος,Iliad,16,584
ἱπποκέλευθος,Iliad,16,839
ἱππόκομος,Iliad,12,339
ἱππόκομος,Iliad,13,132
ἱππόκομος,Iliad,16,216
ἱππόκομος,Iliad,16,338
ἱππόκομος,Iliad,16,797
ἱπποκορυστής,Iliad,10,432
Ἱππόνοος,Iliad,11,303
ἵππουρις,Iliad,3,337
ἵππουρις,Iliad,6,495
ἵππουρις,Iliad,15,481
ἵππουρις,Iliad,19,382
Ἴσανδρος,Iliad,6,203
Ἴσανδρός,Iliad,6,197
ἰσόθεος,Iliad,2,565
ἰσόθεος,Iliad,3,310
ἰσόθεος,Iliad,4,212
ἰσόθεος,Iliad,7,136
ἰσόθεος,Iliad,9,211
ἰσόθεος,Iliad,11,428
ἰσόθεος,Iliad,11,472
ἰσόθεος,Iliad,11,644
ἰσόθεος,Iliad,15,559
ἰσόθεος,Iliad,16,632
ἰσόθεος,Iliad,23,569
ἰσόθεος,Iliad,23,677
ἰσόπεδος,Iliad,13,142
Ἰφιάνασσα,Iliad,9,145
Ἰφιάνασσα,Iliad,9,287
Ἰφικλῆς (*),Iliad,13,698
Ἰφίνοος,Iliad,7,14
κακομήχανος,Iliad,6,344
κακομήχανος,Iliad,9,257
κακότεχνος,Iliad,15,14
Καλλιάνασσα,Iliad,18,46
Καλλιάνειρα,Iliad,18,44
καλλιγύναιξ,Iliad,2,683
καλλιγύναιξ,Iliad,3,75
καλλιγύναιξ,Iliad,3,258
καλλιγύναιξ,Iliad,9,447
καλλίζωνη,Iliad,24,698
καλλίζωνος,Iliad,7,139
καλλίθριξ,Iliad,5,323
καλλίθριξ,Iliad,8,348
καλλίθριξ,Iliad,8,433
καλλίθριξ,Iliad,8,503
καλλίθριξ,Iliad,10,491
καλλίθριξ,Iliad,11,280
καλλίθριξ,Iliad,11,531
καλλίθριξ,Iliad,13,819
καλλίθριξ,Iliad,17,504
καλλίθριξ,Iliad,17,624
καλλίθριξ,Iliad,18,223
καλλίθριξ,Iliad,23,525
καλλίθριξ,Iliad,23,530
Καλλικολώνη,Iliad,20,53
Καλλικολώνη,Iliad,20,151
καλλίκομος,Iliad,9,449
καλλίπαις,Iliad,6,223
καλλιπάρῃος,Iliad,1,143
καλλιπάρῃος,Iliad,1,184
καλλιπάρῃος,Iliad,1,310
καλλιπάρῃος,Iliad,1,323
καλλιπάρῃος,Iliad,1,346
καλλιπάρῃος,Iliad,1,369
καλλιπάρῃος,Iliad,6,298
καλλιπάρῃος,Iliad,6,302
καλλιπάρῃος,Iliad,9,665
καλλιπάρῃος,Iliad,11,224
καλλιπάρῃος,Iliad,15,87
καλλιπάρῃος,Iliad,19,246
καλλιπάρῃος,Iliad,24,607
καλλιπάρῃος,Iliad,24,676
καλλιπλόκαμος,Iliad,18,408
καλλιπλόκαμος,Iliad,20,207
καλλιπλόκαμος ,Iliad,14,326
καλλιπλοκάμῳ,Iliad,18,592
καλλίσφυρος,Iliad,9,557
καλλίσφυρος,Iliad,9,560
καλλίσφυρος,Iliad,14,319
καρτερόθυμος,Iliad,5,277
καρτερόθυμος,Iliad,13,350
καρτερόθυμος,Iliad,14,512
καρχαροδών,Iliad,13,198
καρχαρόδων,Iliad,10,360
κασιγνήτος,Iliad,3,333
κασίγνητος,Iliad,6,102
Κασσάνδρα,Iliad,13,366
καταθύμιος,Iliad,10,383
καταθύμιος,Iliad,17,201
κατακαίριος,Iliad,11,439
καταχθόνιος,Iliad,9,457
κατωμάδιος,Iliad,23,431
κατωμαδόν,Iliad,15,352
κεκρύφαλος,Iliad,22,469
κελαινεφής,Iliad,1,397
κελαινεφής,Iliad,2,412
κελαινεφής,Iliad,4,140
κελαινεφής,Iliad,5,798
κελαινεφής,Iliad,6,267
κελαινεφής,Iliad,11,78
κελαινεφής,Iliad,14,437
κελαινεφής,Iliad,15,46
κελαινεφής,Iliad,16,667
κελαινεφής,Iliad,22,178
κελαινεφής,Iliad,21,167
κελαινεφής,Iliad,21,520
κελαινεφής,Iliad,24,290
κενεαυχής,Iliad,8,230
κερδαλεόφρων,Iliad,1,149
κερδαλεόφρων,Iliad,4,339
Κλεοπάτρα,Iliad,9,556
κλυτόπωλος,Iliad,5,654
κλυτόπωλος,Iliad,11,445
κλυτόπωλος,Iliad,16,615
κλυτοτέχνη,Iliad,18,143
κλυτοτέχνης,Iliad,1,571
κλυτοτέχνης,Iliad,18,391
κλυτότοξος,Iliad,4,101
κλυτότοξος,Iliad,4,119
κλυτότοξος,Iliad,15,55
κονίσαλος,Iliad,3,13
κονίσαλος,Iliad,22,401
κορυθαίολος,Iliad,2,816
κορυθαίολος,Iliad,3,83
κορυθαίολος,Iliad,3,324
κορυθαίολος,Iliad,5,680
κορυθαίολος,Iliad,5,689
κορυθαίολος,Iliad,6,116
κορυθαίολος,Iliad,6,263
κορυθαίολος,Iliad,6,342
κορυθαίολος,Iliad,6,359
κορυθαίολος,Iliad,6,369
κορυθαίολος,Iliad,6,440
κορυθαίολος,Iliad,6,520
κορυθαίολος,Iliad,7,158
κορυθαίολος,Iliad,7,233
κορυθαίολος,Iliad,7,263
κορυθαίολος,Iliad,7,287
κορυθαίολος,Iliad,8,160
κορυθαίολος,Iliad,8,324
κορυθαίολος,Iliad,8,377
κορυθαίολος,Iliad,11,315
κορυθαίολος,Iliad,12,230
κορυθαίολος,Iliad,15,246
κορυθαίολος,Iliad,15,504
κορυθαίολος,Iliad,19,134
κορυθαίολος,Iliad,17,96
κορυθαίολος,Iliad,17,122
κορυθαίολος,Iliad,17,169
κορυθαίολος,Iliad,17,188
κορυθαίολος,Iliad,17,693
κορυθαίολος,Iliad,18,21
κορυθαίολος,Iliad,18,131
κορυθαίολος,Iliad,18,284
κορυθαίολος,Iliad,20,38
κορυθαίολος,Iliad,20,430
κορυθαίολος,Iliad,22,232
κορυθαίολος,Iliad,22,249
κορυθαίολος,Iliad,22,336
κορυθαίολος,Iliad,22,355
κορυθαίολος,Iliad,22,471
κραταιγύαλος,Iliad,19,361
κρατερόφρων,Iliad,10,184
κρατερόφρων,Iliad,14,324
κρατερῶνυξ,Iliad,5,329
κρατερῶνυξ,Iliad,16,724
κρατερῶνυξ,Iliad,16,732
κρατερῶνυξ,Iliad,24,277
κροκόπεπλος,Iliad,8,1
κροκόπεπλος,Iliad,19,1
κροκόπεπλος,Iliad,23,227
κροκόπεπλος,Iliad,24,695
κυανόπεζα,Iliad,11,629
κυανόπρῳρος,Iliad,15,693
κυανόπρῳρος,Iliad,23,852
κυανόπρῳρος,Iliad,23,878
κυανοχαίης,Iliad,20,224
κυανοχαίτης,Iliad,13,563
κυανοχαίτης,Iliad,14,390
κυανοχαίτης,Iliad,15,174
κυανοχαίτης,Iliad,15,201
κυανοχαίτης,Iliad,20,144
κυδιάνειρα,Iliad,1,490
κυδιάνειρα,Iliad,4,225
κυδιάνειρα,Iliad,6,124
κυδιάνειρα,Iliad,7,113
κυδιάνειρα,Iliad,8,448
κυδιάνειρα,Iliad,12,325
κυδιάνειρα,Iliad,13,270
κυδιάνειρα,Iliad,14,155
κυδιάνειρα,Iliad,24,391
κυλλοποδίων,Iliad,18,371
κυλλοποδίων,Iliad,20,270
κυλλοποδίων,Iliad,21,331
κυνάμυια,Iliad,21,421
κυνῶπις,Iliad,18,396
κύνωψ,Iliad,1,159
κύνωψ,Iliad,3,180
Λαέρκης,Iliad,16,197
Λαέρκης,Iliad,17,467
Λαοδίκη,Iliad,6,252
Λαοδίκη,Iliad,9,145
Λαοδίκη,Iliad,9,287
λεύκασπις,Iliad,22,294
λευκώλενος,Iliad,1,55
λευκώλενος,Iliad,1,195
λευκώλενος,Iliad,1,208
λευκώλενος,Iliad,1,572
λευκώλενος,Iliad,1,595
λευκώλενος,Iliad,3,121
λευκώλενος,Iliad,5,711
λευκώλενος,Iliad,5,755
λευκώλενος,Iliad,5,767
λευκώλενος,Iliad,5,775
λευκώλενος,Iliad,5,784
λευκώλενος,Iliad,6,371
λευκώλενος,Iliad,6,377
λευκώλενος,Iliad,8,350
λευκώλενος,Iliad,8,381
λευκώλενος,Iliad,8,484
λευκώλενος,Iliad,14,277
λευκώλενος,Iliad,15,78
λευκώλενος,Iliad,15,92
λευκώλενος,Iliad,15,130
λευκώλενος,Iliad,19,407
λευκώλενος,Iliad,20,112
λευκώλενος,Iliad,21,377
λευκώλενος,Iliad,21,418
λευκώλενος,Iliad,21,434
λευκώλενος,Iliad,21,512
λευκώλενος,Iliad,24,55
λευκώλενος,Iliad,24,723
λιγύφωνος,Iliad,19,350
Λιμνώρεια,Iliad,18,41
λινοθώρηξ,Iliad,2,529
λινοθώρηξ,Iliad,2,830
λιπαροκρήδεμνος,Iliad,18,382
λιπαροπλόκαμος,Iliad,19,126
Λυκόφρων,Iliad,15,430
μεγάθυμος,Iliad,1,123
μεγάθυμος,Iliad,1,135
μεγάθυμος,Iliad,2,53
μεγάθυμος,Iliad,2,518
μεγάθυμος,Iliad,2,541
μεγάθυμος,Iliad,2,631
μεγάθυμος,Iliad,2,706
μεγάθυμος,Iliad,4,464
μεγάθυμος,Iliad,4,467
μεγάθυμος,Iliad,4,479
μεγάθυμος,Iliad,5,25
μεγάθυμος,Iliad,5,27
μεγάθυμος,Iliad,5,102
μεγάθυμος,Iliad,5,235
μεγάθυμος,Iliad,5,335
μεγάθυμος,Iliad,5,534
μεγάθυμος,Iliad,5,547
μεγάθυμος,Iliad,5,565
μεγάθυμος,Iliad,5,577
μεγάθυμος,Iliad,6,145
μεγάθυμος,Iliad,8,155
μεγάθυμος,Iliad,9,549
μεγάθυμος,Iliad,10,205
μεγάθυμος,Iliad,10,509
μεγάθυμος,Iliad,11,294
μεγάθυμος,Iliad,11,459
μεγάθυμος,Iliad,11,732
μεγάθυμος,Iliad,11,744
μεγάθυμος,Iliad,12,374
μεγάθυμος,Iliad,12,379
μεγάθυμος,Iliad,13,400
μεγάθυμος,Iliad,13,456
μεγάθυμος,Iliad,13,598
μεγάθυμος,Iliad,13,699
μεγάθυμος,Iliad,13,737
μεγάθυμος,Iliad,14,454
μεγάθυμος,Iliad,15,331
μεγάθυμος,Iliad,15,440
μεγάθυμος,Iliad,15,519
μεγάθυμος,Iliad,16,286
μεγάθυμος,Iliad,16,488
μεγάθυμος,Iliad,16,571
μεγάθυμος,Iliad,16,594
μεγάθυμος,Iliad,16,818
μεγάθυμος,Iliad,19,75
μεγάθυμος,Iliad,17,214
μεγάθυμος,Iliad,17,302
μεγάθυμος,Iliad,17,306
μεγάθυμος,Iliad,17,420
μεγάθυμος,Iliad,17,602
μεγάθυμος,Iliad,17,653
μεγάθυμος,Iliad,18,226
μεγάθυμος,Iliad,18,335
μεγάθυμος,Iliad,20,498
μεγάθυμος,Iliad,23,168
μεγάθυμος,Iliad,23,175
μεγάθυμος,Iliad,23,181
μεγάθυμος,Iliad,23,541
μεγάθυμος,Iliad,23,596
μεγάθυμος,Iliad,23,633
μεγάθυμος,Iliad,23,694
μεγακήτης,Iliad,8,222
μεγακήτης,Iliad,11,5
μεγακήτης,Iliad,11,600
μεγακήτης,Iliad,21,22
μεγαλήτωρ,Iliad,2,547
μεγαλήτωρ,Iliad,2,641
μεγαλήτωρ,Iliad,5,468
μεγαλήτωρ,Iliad,5,674
μεγαλήτωρ,Iliad,5,785
μεγαλήτωρ,Iliad,6,283
μεγαλήτωρ,Iliad,6,395
μεγαλήτωρ,Iliad,8,187
μεγαλήτωρ,Iliad,8,523
μεγαλήτωρ,Iliad,9,109
μεγαλήτωρ,Iliad,9,255
μεγαλήτωρ,Iliad,9,629
μεγαλήτωρ,Iliad,9,675
μεγαλήτωρ,Iliad,11,403
μεγαλήτωρ,Iliad,11,626
μεγαλήτωρ,Iliad,13,189
μεγαλήτωρ,Iliad,13,302
μεγαλήτωρ,Iliad,13,656
μεγαλήτωρ,Iliad,13,712
μεγαλήτωρ,Iliad,15,674
μεγαλήτωρ,Iliad,16,257
μεγαλήτωρ,Iliad,19,278
μεγαλήτωρ,Iliad,17,90
μεγαλήτωρ,Iliad,17,166
μεγαλήτωρ,Iliad,17,399
μεγαλήτωρ,Iliad,17,626
μεγαλήτωρ,Iliad,18,5
μεγαλήτωρ,Iliad,20,175
μεγαλήτωρ,Iliad,20,208
μεγαλήτωρ,Iliad,20,263
μεγαλήτωρ,Iliad,20,293
μεγαλήτωρ,Iliad,20,323
μεγαλήτωρ,Iliad,20,343
μεγαλήτωρ,Iliad,22,98
μεγαλήτωρ,Iliad,21,53
μεγαλήτωρ,Iliad,21,55
μεγαλήτωρ,Iliad,21,552
μεγαλήτωρ,Iliad,24,117
μεγαλήτωρ,Iliad,24,145
Μελάνιππος,Iliad,8,276
Μελάνιππος,Iliad,15,547
Μελάνιππος,Iliad,15,553
Μελάνιππος,Iliad,15,576
Μελάνιππος,Iliad,15,582
Μελάνιππος,Iliad,16,695
Μελάνιππος,Iliad,19,240
μελανόχρως,Iliad,13,589
μελάνυδρος,Iliad,9,14
μελάνυδρος,Iliad,16,3
μελάνυδρος,Iliad,16,160
μελάνυδρος,Iliad,21,257
μελιηδής,Iliad,4,346
μελιηδής,Iliad,6,258
μελιηδής,Iliad,10,495
μελιηδής,Iliad,10,569
μελιηδής,Iliad,10,579
μελιηδής,Iliad,12,320
μελιηδής,Iliad,17,17
μελιηδής,Iliad,18,545
μελιηδής,Iliad,18,568
μελίφρων,Iliad,2,34
μελίφρων,Iliad,6,264
μελίφρων,Iliad,8,188
μελίφρων,Iliad,8,506
μελίφρων,Iliad,8,546
μελίφρων,Iliad,24,284
μέροψ,Iliad,3,402
μέροψ,Iliad,11,28
Μέροψ,Iliad,11,329
μέροψ,Iliad,18,490
μέροψ,Iliad,20,217
μέρωψ,Iliad,9,340
μεσαιπόλιος,Iliad,13,361
μέσσαυλος,Iliad,24,29
μετάγγελος,Iliad,15,144
μετάγγελος,Iliad,23,199
μεταμάζιος,Iliad,5,19
μετάφρενον,Iliad,2,265
μετάφρενον,Iliad,2,267
μετάφρενον,Iliad,5,40
μετάφρενον,Iliad,5,56
μετάφρενον,Iliad,8,95
μετάφρενον,Iliad,8,258
μετάφρενον,Iliad,10,29
μετάφρενον,Iliad,11,447
μετάφρενον,Iliad,12,428
μετάφρενον,Iliad,16,806
μετάφρενον,Iliad,17,502
μετάφρενον,Iliad,20,402
μετάφρενον,Iliad,20,488
μετάφρενον,Iliad,22,283
μετάφρενον,Iliad,23,380
μέτωπον,Iliad,11,95
μέτωπον,Iliad,13,615
μέτωπον,Iliad,15,102
μέτωπον,Iliad,16,70
μέτωπον,Iliad,16,798
μέτωπον (*),Iliad,16,739
μέτωψ,Iliad,4,460
μέτωψ,Iliad,6,10
μητροπάτωρ,Iliad,11,224
μιλτοπάρῃος,Iliad,2,637
μιτροχίτων (*),Iliad,16,419
μυλοειδής,Iliad,7,270
μῶνυξ,Iliad,5,321
μῶνυξ,Iliad,5,581
μῶνυξ,Iliad,5,829
μῶνυξ,Iliad,5,841
μῶνυξ,Iliad,8,139
μῶνυξ,Iliad,8,157
μῶνυξ,Iliad,8,374
μῶνυξ,Iliad,8,432
μῶνυξ,Iliad,9,127
μῶνυξ,Iliad,5,236
μῶνυξ,Iliad,10,392
μῶνυξ,Iliad,10,498
μῶνυξ,Iliad,10,537
μῶνυξ,Iliad,10,564
μῶνυξ,Iliad,11,289
μῶνυξ,Iliad,11,708
μῶνυξ,Iliad,11,738
μῶνυξ,Iliad,16,375
μῶνυξ,Iliad,16,712
μῶνυξ,Iliad,17,699
μῶνυξ,Iliad,20,498
μῶνυξ,Iliad,22,161
μῶνυξ,Iliad,21,132
μῶνυξ,Iliad,21,521
μῶνυξ,Iliad,23,7
μῶνυξ,Iliad,23,279
μῶνυξ,Iliad,23,398
μῶνυξ,Iliad,23,423
μῶνυξ,Iliad,23,435
μῶνυξ,Iliad,23,534
μῶνυξ,Iliad,23,536
μῶνυξ,Iliad,23,550
Νεοπτόλεμος,Iliad,19,327
νηκερδής,Iliad,17,469
νηλεής,Iliad,11,588
νήνεμος,Iliad,8,556
νήνεμος (*),Iliad,5,523
νώνυμνος,Iliad,12,70
νώνυμνος,Iliad,13,227
νώνυμνος,Iliad,14,70
Νώροψ,Iliad,7,206
νῶροψ,Iliad,11,16
ὀβριμοπάτρη,Iliad,5,747
ὀβριμοπάτρη,Iliad,8,391
Ὀθρυονεύς,Iliad,13,363
Ὀθρυονεύς,Iliad,13,374
Ὀθρυονεύς,Iliad,13,772
οἰνοβαρής,Iliad,1,225
οἰνόπεδον,Iliad,9,579
οἴνοψ,Iliad,7,88
οἶνοψ,Iliad,2,603
ὀκτάκνημος,Iliad,5,723
ὀλβιόδαιμος,Iliad,3,182
ὀλοόφρων,Iliad,2,723
ὀλοόφρων,Iliad,15,630
ὀλοόφρων,Iliad,17,21
ὁμῆλιξ,Iliad,9,54
ὁμῆλιξ (*),Iliad,5,326
ὁμογάστριος,Iliad,21,95
ὁμογάστριος,Iliad,24,47
ὁμότιμος,Iliad,15,186
ὁμόφρων,Iliad,22,263
ὁμώνυμος,Iliad,17,720
ὀξυβελής,Iliad,4,126
ὄπατρος,Iliad,11,257
ὄπατρος,Iliad,12,371
Ὀρέσβιος,Iliad,5,707
ὀρθόκραιρος,Iliad,8,231
ὀρθόκραιρος,Iliad,19,344
ὀρθόκραιρος,Iliad,18,3
ὀρθόκραιρος,Iliad,18,573
οὐδενόσωρα,Iliad,8,178
παγχάλκης,Iliad,20,102
παγχρύσεος,Iliad,2,448
παλίωξις,Iliad,12,71
παλίωξις,Iliad,15,69
παλίωξις,Iliad,15,601
πάμπαν,Iliad,19,334
πάμπαν,Iliad,19,342
πάμπαν,Iliad,20,108
πάμπαν,Iliad,20,376
παμποίκιλος,Iliad,6,189
πάμπρωτος,Iliad,7,324
πάμπρωτος,Iliad,9,93
πάναγρος,Iliad,5,487
πάναιθος,Iliad,14,372
παναίολος,Iliad,4,186
παναίολος,Iliad,4,215
παναίολος,Iliad,10,77
παναίολος,Iliad,11,236
παναίολος,Iliad,11,374
παναίολος,Iliad,13,512
πανάποτμος,Iliad,24,255
πανάποτμος,Iliad,24,493
παναφῆλιξ,Iliad,22,490
Παναχαιοί,Iliad,7,73
Παναχαιοί,Iliad,7,159
Παναχαιοί,Iliad,7,327
Παναχαιοί,Iliad,7,385
Παναχαιοί,Iliad,9,301
Παναχαιοί,Iliad,10,1
Παναχαιοί,Iliad,19,193
Παναχαιοί,Iliad,23,236
παναώριος,Iliad,24,540
Πανέλληνες,Iliad,2,530
πανημέριος,Iliad,1,472
πανημέριος,Iliad,2,385
πανημέριος,Iliad,11,279
πανημέριος,Iliad,19,168
πανημέριος,Iliad,17,180
πανημέριος,Iliad,17,384
πανημέριος,Iliad,18,209
παννύχιος,Iliad,2,2
παννύχιος,Iliad,2,24
παννύχιος,Iliad,2,61
παννύχιος,Iliad,7,476
παννύχιος,Iliad,7,478
παννύχιος,Iliad,8,508
παννύχιος,Iliad,8,554
παννύχιος,Iliad,10,2
παννύχιος,Iliad,18,315
παννύχιος,Iliad,18,354
παννύχιος,Iliad,23,105
παννύχιος,Iliad,23,217
παννύχιος,Iliad,24,678
πάννυχος,Iliad,10,159
πάννυχος,Iliad,11,551
πάννυχος,Iliad,17,660
πάννυχος,Iliad,23,218
πανομφαῖος,Iliad,8,250
Πανοπεύς,Iliad,17,307
Πανοπεύς,Iliad,23,665
πανόψιος,Iliad,21,397
παραίσιος,Iliad,4,381
παράκοιτος,Iliad,8,156
παράκοιτος,Iliad,14,346
παράκοιτος (*),Iliad,6,430
παράκοιτος (*),Iliad,3,53
παράκοιτος (*),Iliad,4,60
παράκοιτος (*),Iliad,9,590
παράκοιτος (*),Iliad,18,184
παράκοιτος (*),Iliad,18,365
παράκοιτος (*),Iliad,21,479
παράκοιτος (*),Iliad,24,60
πατροκασίγνητος,Iliad,21,469
Πατροκλῆς (*),Iliad,11,823
Πατροκλῆς (*),Iliad,1,337
Πατροκλῆς (*),Iliad,9,190
Πατροκλῆς (*),Iliad,9,195
Πατροκλῆς (*),Iliad,9,201
Πατροκλῆς (*),Iliad,9,205
Πατροκλῆς (*),Iliad,9,216
Πατροκλῆς (*),Iliad,9,220
Πατροκλῆς (*),Iliad,9,620
Πατροκλῆς (*),Iliad,9,658
Πατροκλῆς (*),Iliad,9,666
Πατροκλῆς (*),Iliad,11,602
Πατροκλῆς (*),Iliad,11,611
Πατροκλῆς (*),Iliad,11,616
Πατροκλῆς (*),Iliad,11,647
Πατροκλῆς (*),Iliad,11,807
Πατροκλῆς (*),Iliad,15,65
Πατροκλῆς (*),Iliad,15,390
Πατροκλῆς (*),Iliad,16,2
Πατροκλῆς (*),Iliad,16,7
Πατροκλῆς (*),Iliad,16,11
Πατροκλῆς (*),Iliad,16,20
Πατροκλῆς (*),Iliad,16,49
Πατροκλῆς (*),Iliad,16,80
Πατροκλῆς (*),Iliad,16,125
Πατροκλῆς (*),Iliad,16,126
Πατροκλῆς (*),Iliad,16,130
Πατροκλῆς (*),Iliad,16,219
Πατροκλῆς (*),Iliad,16,257
Πατροκλῆς (*),Iliad,16,268
Πατροκλῆς (*),Iliad,16,284
Πατροκλῆς (*),Iliad,16,291
Πατροκλῆς (*),Iliad,16,372
Πατροκλῆς (*),Iliad,16,377
Πατροκλῆς (*),Iliad,16,394
Πατροκλῆς (*),Iliad,16,420
Πατροκλῆς (*),Iliad,16,427
Πατροκλῆς (*),Iliad,16,434
Πατροκλῆς (*),Iliad,16,452
Πατροκλῆς (*),Iliad,16,460
Πατροκλῆς (*),Iliad,16,463
Πατροκλῆς (*),Iliad,16,478
Πατροκλῆς (*),Iliad,16,480
Πατροκλῆς (*),Iliad,16,490
Πατροκλῆς (*),Iliad,16,543
Πατροκλῆς (*),Iliad,16,554
Πατροκλῆς (*),Iliad,16,581
Πατροκλῆς (*),Iliad,16,584
Πατροκλῆς (*),Iliad,16,647
Πατροκλῆς (*),Iliad,16,684
Πατροκλῆς (*),Iliad,16,693
Πατροκλῆς (*),Iliad,16,699
Πατροκλῆς (*),Iliad,16,703
Πατροκλῆς (*),Iliad,16,707
Πατροκλῆς (*),Iliad,16,710
Πατροκλῆς (*),Iliad,16,724
Πατροκλῆς (*),Iliad,16,732
Πατροκλῆς (*),Iliad,16,733
Πατροκλῆς (*),Iliad,16,744
Πατροκλῆς (*),Iliad,16,754
Πατροκλῆς (*),Iliad,16,760
Πατροκλῆς (*),Iliad,16,763
Πατροκλῆς (*),Iliad,16,783
Πατροκλῆς (*),Iliad,16,812
Πατροκλῆς (*),Iliad,16,815
Πατροκλῆς (*),Iliad,16,816
Πατροκλῆς (*),Iliad,16,818
Πατροκλῆς (*),Iliad,16,830
Πατροκλῆς (*),Iliad,16,839
Πατροκλῆς (*),Iliad,16,843
Πατροκλῆς (*),Iliad,16,859
Πατροκλῆς (*),Iliad,19,4
Πατροκλῆς (*),Iliad,19,38
Πατροκλῆς (*),Iliad,19,283
Πατροκλῆς (*),Iliad,19,287
Πατροκλῆς (*),Iliad,19,302
Πατροκλῆς (*),Iliad,19,402
Πατροκλῆς (*),Iliad,19,412
Πατροκλῆς (*),Iliad,17,2
Πατροκλῆς (*),Iliad,17,6
Πατροκλῆς (*),Iliad,17,10
Πατροκλῆς (*),Iliad,17,15
Πατροκλῆς (*),Iliad,17,80
Πατροκλῆς (*),Iliad,17,92
Πατροκλῆς (*),Iliad,17,113
Πατροκλῆς (*),Iliad,17,120
Πατροκλῆς (*),Iliad,17,125
Πατροκλῆς (*),Iliad,17,137
Πατροκλῆς (*),Iliad,17,159
Πατροκλῆς (*),Iliad,17,183
Πατροκλῆς (*),Iliad,17,187
Πατροκλῆς (*),Iliad,17,229
Πατροκλῆς (*),Iliad,17,240
Πατροκλῆς (*),Iliad,17,255
Πατροκλῆς (*),Iliad,17,286
Πατροκλῆς (*),Iliad,17,399
Πατροκλῆς (*),Iliad,17,341
Πατροκλῆς (*),Iliad,17,355
Πατροκλῆς (*),Iliad,17,379
Πατροκλῆς (*),Iliad,17,400
Πατροκλῆς (*),Iliad,17,402
Πατροκλῆς (*),Iliad,17,477
Πατροκλῆς (*),Iliad,17,543
Πατροκλῆς (*),Iliad,17,564
Πατροκλῆς (*),Iliad,17,574
Πατροκλῆς (*),Iliad,17,665
Πατροκλῆς (*),Iliad,17,670
Πατροκλῆς (*),Iliad,17,690
Πατροκλῆς (*),Iliad,17,706
Πατροκλῆς (*),Iliad,18,20
Πατροκλῆς (*),Iliad,18,28
Πατροκλῆς (*),Iliad,18,81
Πατροκλῆς (*),Iliad,18,93
Πατροκλῆς (*),Iliad,18,102
Πατροκλῆς (*),Iliad,18,151
Πατροκλῆς (*),Iliad,18,171
Πατροκλῆς (*),Iliad,18,179
Πατροκλῆς (*),Iliad,18,195
Πατροκλῆς (*),Iliad,18,232
Πατροκλῆς (*),Iliad,18,315
Πατροκλῆς (*),Iliad,18,333
Πατροκλῆς (*),Iliad,18,345
Πατροκλῆς (*),Iliad,18,355
Πατροκλῆς (*),Iliad,18,451
Πατροκλῆς (*),Iliad,22,323
Πατροκλῆς (*),Iliad,21,28
Πατροκλῆς (*),Iliad,21,134
Πατροκλῆς (*),Iliad,23,9
Πατροκλῆς (*),Iliad,23,18
Πατροκλῆς (*),Iliad,23,45
Πατροκλῆς (*),Iliad,23,65
Πατροκλῆς (*),Iliad,23,105
Πατροκλῆς (*),Iliad,23,126
Πατροκλῆς (*),Iliad,23,134
Πατροκλῆς (*),Iliad,23,151
Πατροκλῆς (*),Iliad,23,179
Πατροκλῆς (*),Iliad,23,192
Πατροκλῆς (*),Iliad,23,211
Πατροκλῆς (*),Iliad,23,221
Πατροκλῆς (*),Iliad,23,239
Πατροκλῆς (*),Iliad,23,619
Πατροκλῆς (*),Iliad,23,747
Πατροκλῆς (*),Iliad,23,776
Πατροκλῆς (*),Iliad,23,800
Πατροκλῆς (*),Iliad,24,6
Πατροκλῆς (*),Iliad,24,512
Πατροκλῆς (*),Iliad,24,575
Πατροκλῆς (*),Iliad,24,592
Πατροκλῆς (*),Iliad,24,756
Πατροκλῆς (*),Iliad,8,476
πεμπώβολον,Iliad,1,463
πενταέτηρος,Iliad,2,403
πενταέτηρος,Iliad,7,315
πεντήκοντα,Iliad,24,495
πεντηκοντόγυος,Iliad,9,579
Περίβοιος (*),Iliad,21,142
περιγλαγής,Iliad,16,642
περιδέξιος,Iliad,21,163
περικαλλής,Iliad,3,262
περικαλλής,Iliad,3,312
περικαλλής,Iliad,3,396
περικαλλής,Iliad,3,421
περικαλλής,Iliad,4,486
περικαλλής,Iliad,5,20
περικαλλής,Iliad,5,389
περικαλλής,Iliad,5,693
περικαλλής,Iliad,6,242
περικαλλής,Iliad,6,321
περικαλλής,Iliad,8,238
περικαλλής,Iliad,8,249
περικαλλής,Iliad,9,578
περικαλλής,Iliad,11,632
περικαλλής,Iliad,16,85
περικαλλής,Iliad,17,436
περικαλλής,Iliad,23,897
περικαλλής,Iliad,24,229
περικαλλής,Iliad,24,234
περιμήκης,Iliad,13,63
περιπευκής,Iliad,11,845
περιφραδής,Iliad,7,318
περίφρων,Iliad,5,412
περιωπή,Iliad,14,8
Πόδαργος,Iliad,23,295
Πόδαργος (*),Iliad,16,150
Πόδαργος (*),Iliad,19,400
ποδάρκης,Iliad,18,181
ποδάρκης,Iliad,20,177
ποδάρκης,Iliad,20,413
ποδάρκης,Iliad,20,445
ποδάρκης,Iliad,22,376
ποδάρκης,Iliad,21,49
ποδάρκης,Iliad,21,149
ποδάρκης,Iliad,21,265
ποδάρκης,Iliad,23,140
ποδάρκης,Iliad,23,193
ποδάρκης,Iliad,23,333
ποδάρκης,Iliad,23,555
ποδάρκης,Iliad,23,828
ποδάρκης,Iliad,23,889
ποδήνεμος,Iliad,2,786
ποδήνεμος,Iliad,5,353
ποδήνεμος,Iliad,5,368
ποδήνεμος,Iliad,11,195
ποδήνεμος,Iliad,15,168
ποδήνεμος,Iliad,15,200
ποδήνεμος,Iliad,18,166
ποδήνεμος,Iliad,18,183
ποδήνεμος,Iliad,18,196
ποδήνεμος,Iliad,24,95
ποδώκης,Iliad,2,764
ποδώκης,Iliad,2,860
ποδώκης,Iliad,2,874
ποδώκης,Iliad,8,474
ποδώκης,Iliad,10,316
ποδώκης,Iliad,13,113
ποδώκης,Iliad,16,134
ποδώκης,Iliad,16,165
ποδώκης,Iliad,16,281
ποδώκης,Iliad,16,865
ποδώκης,Iliad,17,388
ποδώκης,Iliad,17,486
ποδώκης,Iliad,17,614
ποδώκης,Iliad,18,234
ποδώκης,Iliad,18,261
ποδώκης,Iliad,18,267
ποδώκης,Iliad,20,27
ποδώκης,Iliad,20,45
ποδώκης,Iliad,20,89
ποδώκης,Iliad,22,193
ποδώκης,Iliad,23,35
ποδώκης,Iliad,23,249
ποδώκης,Iliad,23,376
ποδώκης,Iliad,23,793
ποδώκης,Iliad,24,458
ποδώκης (*),Iliad,2,792
ποδώκως,Iliad,23,28
πολιοκρόταφος,Iliad,8,518
Πολυαίμων (*),Iliad,8,276
πολύαινος,Iliad,9,673
πολύαινος,Iliad,10,544
πολύαινος,Iliad,11,430
πολύαρνι,Iliad,2,106
Πόλυβ-,Iliad,11,59
πολύβενθος,Iliad,1,432
πολύβουλος,Iliad,5,260
πολυβούτης,Iliad,9,154
πολυβούτης,Iliad,9,296
πολυδαίδαλος,Iliad,3,358
πολυδαίδαλος,Iliad,4,136
πολυδαίδαλος,Iliad,7,252
πολυδαίδαλος,Iliad,11,32
πολυδαίδαλος,Iliad,11,436
πολυδαίδαλος,Iliad,23,743
πολυδαίδαλος,Iliad,24,597
πολύδακρυς,Iliad,3,132
πολύδακρυς,Iliad,3,165
πολύδακρυς,Iliad,8,516
πολύδακρυς,Iliad,19,318
πολύδακρυς,Iliad,17,192
πολύδακρυς,Iliad,17,544
πολύδακρυς,Iliad,22,487
πολυδειράς,Iliad,1,499
πολυδειράς,Iliad,5,754
πολυδειράς,Iliad,8,3
πολυδίψιος,Iliad,4,171
πολύδωρος,Iliad,6,394
Πολύδωρος,Iliad,20,407
Πολύδωρος,Iliad,20,419
Πολύδωρος,Iliad,22,46
πολύδωρος,Iliad,22,88
Πολύδωρος,Iliad,21,91
Πολύδωρος,Iliad,23,637
πολύδωρος (*),Iliad,16,175
Πολύειδος,Iliad,5,148
πολύζυγος,Iliad,2,293
πολυηχής,Iliad,4,422
πολυθαρσής,Iliad,19,37
πολυθαρσής,Iliad,17,156
πολύϊππος,Iliad,13,171
πολυκλήϊς,Iliad,2,74
πολυκλήϊς,Iliad,2,175
πολυκλήϊς,Iliad,7,88
πολυκλήϊς,Iliad,8,239
πολύκληϊς,Iliad,13,742
πολύκληϊς,Iliad,15,63
πολύκληϊς,Iliad,23,248
πολύκνημος,Iliad,2,497
πολυκοίρανος (*),Iliad,2,204
πολυλήϊος,Iliad,5,613
πολύμηλος,Iliad,2,605
πολύμηλος,Iliad,2,705
πολύμηλος,Iliad,14,490
πολύμηλος (*),Iliad,16,180
πολύμηλος (*),Iliad,16,417
πολύμητις,Iliad,1,311
πολύμητις,Iliad,1,440
πολύμητις,Iliad,3,200
πολύμητις,Iliad,3,216
πολύμητις,Iliad,3,268
πολύμητις,Iliad,4,329
πολύμητις,Iliad,4,349
πολύμητις,Iliad,10,148
πολύμητις,Iliad,10,382
πολύμητις,Iliad,10,400
πολύμητις,Iliad,10,423
πολύμητις,Iliad,10,488
πολύμητις,Iliad,10,554
πολύμητις,Iliad,14,82
πολύμητις,Iliad,19,154
πολύμητις,Iliad,19,215
πολύμητις,Iliad,21,355
πολύμητις,Iliad,23,709
πολύμητις,Iliad,23,755
πολυμήχανος,Iliad,2,173
πολυμήχανος,Iliad,4,358
πολυμήχανος,Iliad,8,93
πολυμήχανος,Iliad,9,308
πολυμήχανος,Iliad,9,624
πολυμήχανος,Iliad,10,144
πολυμήχανος,Iliad,23,723
πολύμυθος,Iliad,3,214
Πολύξεινος,Iliad,2,623
πολυπενθής,Iliad,9,563
πολυπῖδαξ,Iliad,8,47
πολυπῖδαξ,Iliad,14,157
πολυπῖδαξ,Iliad,14,283
πολυπῖδαξ,Iliad,14,307
πολυπῖδαξ,Iliad,15,151
πολυπῖδαξ,Iliad,20,59
πολυπῖδαξ,Iliad,20,218
πολυπῖδαξ,Iliad,23,117
πολύπτυχος,Iliad,8,411
πολύπτυχος,Iliad,20,5
πολύπτυχος,Iliad,22,171
πολύπτυχος,Iliad,21,449
πολύπυρος,Iliad,11,756
πολύπυρος,Iliad,15,372
πολύρρην,Iliad,9,154
πολύρρην,Iliad,9,296
πολύσκαρθμος,Iliad,2,814
πολυστάφυλος,Iliad,2,507
πολυστάφυλος,Iliad,2,537
πολυτρήρων,Iliad,2,502
πολυτρήρων,Iliad,2,582
πολυφάρμακος,Iliad,16,28
Πολύφημος,Iliad,1,264
πολύφλοισβος,Iliad,1,34
πολύφλοισβος,Iliad,2,209
πολύφλοισβος,Iliad,6,347
πολύφλοισβος,Iliad,9,182
πολύφλοισβος,Iliad,13,798
πολύφλοισβος,Iliad,23,59
πολύφορβος,Iliad,9,568
πολύφορβος,Iliad,14,200
πολύφορβος,Iliad,14,301
πολύφρων,Iliad,18,108
πολύφρων,Iliad,21,367
πολύχαλκος,Iliad,5,504
πολύχαλκος,Iliad,10,315
πολύχαλκος,Iliad,18,289
πολύχρυσος,Iliad,7,180
πολύχρυσος,Iliad,10,315
πολύχρυσος,Iliad,11,46
πολύχρυσος,Iliad,18,289
πρόδομος,Iliad,9,473
πρόδομος,Iliad,24,673
προθελύμνος,Iliad,10,15
προθέλυμνος,Iliad,9,541
Προθοήνωρ,Iliad,2,495
Προθοήνωρ,Iliad,14,450
Προθοήνωρ,Iliad,14,471
πρόθυμος (*),Iliad,2,588
πρόθυρος,Iliad,11,777
πρόθυρος,Iliad,15,124
πρόθυρος,Iliad,19,212
πρόθυρος,Iliad,18,496
πρόθυρος,Iliad,22,71
πρόθυρος,Iliad,24,323
Πρόνοος,Iliad,16,399
πρόπαν,Iliad,24,713
προπρηνής,Iliad,3,218
προπρηνής,Iliad,24,18
πρόρριζος,Iliad,11,157
πρόρριζος,Iliad,14,415
πρόσωπον,Iliad,19,285
πρόσωπον,Iliad,18,414
πρόφρασσα,Iliad,21,500
πρόφρων,Iliad,1,77
πρόφρων,Iliad,1,150
πρόφρων,Iliad,8,23
πρόφρων,Iliad,8,40
πρόφρων,Iliad,8,175
πρόφρων,Iliad,9,480
πρόφρων,Iliad,10,244
πρόφρων,Iliad,14,71
πρόφρων,Iliad,14,357
πρόφρων,Iliad,17,353
πρόφρων,Iliad,22,184
πρόφρων,Iliad,22,303
πρόφρων,Iliad,23,646
πρόφρων,Iliad,24,140
προφρων (*),Iliad,6,173
πρόφρων (*),Iliad,5,810
πρόφρων (*),Iliad,5,816
πρόφρων (*),Iliad,7,160
Πρωτεσίλαος,Iliad,2,698
Πρωτεσίλαος,Iliad,2,706
Πρωτεσίλαος,Iliad,2,708
Πρωτεσίλαος,Iliad,13,681
Πρωτεσίλαος,Iliad,15,705
Πρωτεσίλαος,Iliad,16,286
πυράγρα,Iliad,18,479
Πυραίχμης,Iliad,2,848
Πυραίχμης,Iliad,16,287
ῥοδοδάκτυλος,Iliad,1,477
ῥοδοδάκτυλος,Iliad,6,175
ῥοδοδάκτυλος,Iliad,9,707
ῥοδοδάκτυλος,Iliad,23,109
ῥοδοδάκτυλος,Iliad,24,788
σαόφρων,Iliad,21,462
στεινωπός,Iliad,7,142
Ταλαιμένης,Iliad,2,865
ταναήκης,Iliad,7,77
ταναήκης,Iliad,23,118
ταναήκης,Iliad,24,754
τανηλεγής,Iliad,22,210
ταχύπωλος,Iliad,4,232
ταχύπωλος,Iliad,4,257
ταχύπωλος,Iliad,5,316
ταχύπωλος,Iliad,5,345
ταχύπωλος,Iliad,8,161
ταχύπωλος,Iliad,13,620
ταχύπωλος,Iliad,14,21
ταχύπωλος,Iliad,15,320
ταχύπωλος,Iliad,23,6
ταχύπωλος,Iliad,24,295
ταχύπωλος,Iliad,24,313
τεσσαράβοιος,Iliad,23,705
τετραθέλυμνος,Iliad,15,479
τετράκυκλος,Iliad,24,324
τετραφάληρος,Iliad,5,743
τετραφάληρος,Iliad,11,41
τετράφαλος,Iliad,12,384
τετράφαλος,Iliad,22,315
τηλεκλειτός,Iliad,6,111
τριγλώχις,Iliad,5,393
τριγλώχις,Iliad,11,507
τρίπους,Iliad,8,290
τρίπους,Iliad,9,407
τρίπους,Iliad,11,700
τρίπους,Iliad,19,243
τρίπους,Iliad,18,344
τρίπους,Iliad,18,346
τρίπους,Iliad,18,348
τρίπους,Iliad,18,373
τρίπους,Iliad,22,444
τρίπους,Iliad,23,40
τρίπους,Iliad,23,259
τρίπους,Iliad,23,264
τρίπους,Iliad,23,485
τρίπους,Iliad,23,513
τρίπους,Iliad,23,718
τρίπους,Iliad,24,233
τρίποῦς,Iliad,9,122
τρίποῦς,Iliad,9,264
τρισχίλιαι,Iliad,20,221
ὑπασπίδιος,Iliad,13,158
ὑπασπίδιος,Iliad,13,807
ὑπασπίδιος,Iliad,16,609
ὑπέρβιος,Iliad,17,19
ὑπέρβιος,Iliad,18,262
Ὑπερήνωρ,Iliad,14,516
Ὑπερήνωρ,Iliad,17,24
ὑπέρθυμος,Iliad,2,746
ὑπέρθυμος,Iliad,4,365
ὑπέρθυμος,Iliad,5,77
ὑπέρθυμος,Iliad,5,376
ὑπέρθυμος,Iliad,6,111
ὑπέρθυμος,Iliad,8,120
ὑπέρθυμος,Iliad,9,233
ὑπέρθυμος,Iliad,11,564
ὑπέρθυμος,Iliad,12,128
ὑπέρθυμος,Iliad,14,15
ὑπέρθυμος,Iliad,14,250
ὑπέρθυμος,Iliad,15,135
ὑπέρθυμος,Iliad,15,576
ὑπέρθυμος,Iliad,17,276
ὑπέρθυμος,Iliad,20,88
ὑπέρθυμος,Iliad,20,333
ὑπέρθυμος,Iliad,20,366
ὑπέρθυμος,Iliad,23,302
ὑπέρθυμος,Iliad,23,512
ὑπερμενής,Iliad,2,350
ὑπερμενής,Iliad,2,403
ὑπερμενής,Iliad,7,315
ὑπερμενής,Iliad,7,481
ὑπερμενής,Iliad,8,470
ὑπερμενής,Iliad,9,23
ὑπερμενής,Iliad,11,727
ὑπερμενής,Iliad,13,226
ὑπερμενής,Iliad,14,69
ὑπερμενἠς,Iliad,17,362
ὑπέροπλος,Iliad,15,185
ὑπέροπλος,Iliad,17,170
ὑπέροπλος (*),Iliad,1,205
ὑπερφίαλος,Iliad,3,106
ὑπερφίαλος,Iliad,5,881
ὑπερφίαλος,Iliad,13,293
ὑπερφίαλος,Iliad,13,621
ὑπερφίαλος,Iliad,15,94
ὑπερφίαλος,Iliad,21,224
ὑπερφίαλος,Iliad,21,414
ὑπερφίαλος,Iliad,21,459
ὑπερφίαλος (*),Iliad,18,300
Ὑποθήβας,Iliad,2,505
Ὑποπλακία,Iliad,6,397
ὑπόρρηνος,Iliad,10,216
ὑποταρτάριος,Iliad,14,279
ὑπουράνιος,Iliad,10,212
ὑπουράνιος,Iliad,17,675
ὑπόψιος,Iliad,3,42
ὑπώπιον,Iliad,12,463
ὑπωρής (*),Iliad,20,218
ὑπωρόφιος,Iliad,9,640
ὑφηνίοχος,Iliad,6,19
Ὑψήνωρ,Iliad,5,76
Ὑψήνωρ,Iliad,13,411
ὑψηχής,Iliad,5,772
ὑψηχής,Iliad,23,27
ὑψίζυγος,Iliad,4,166
ὑψίζυγος,Iliad,7,69
ὑψίζυγος,Iliad,11,544
ὑψίζυγος,Iliad,18,185
ὑψικάρηνος,Iliad,12,132
ὑψίκομος,Iliad,14,398
ὑψίκομος,Iliad,23,118
ὑψίπυλος,Iliad,6,416
ὑψίπυλος,Iliad,16,698
ὑψίπυλος,Iliad,21,544
ὑψίπυλος (*),Iliad,7,469
φύλοπις,Iliad,19,221
χαλκεοθώρηξ,Iliad,4,448
χαλκεοθώρηξ,Iliad,8,62
χαλκεόφωνος,Iliad,5,785
χαλκοβαρής,Iliad,15,463
χαλκοβαρής (*),Iliad,22,329
χαλκόβαρυς,Iliad,11,96
χαλκογλώχις,Iliad,22,225
χαλκοκνήμις,Iliad,7,41
χαλκοπάρῃος,Iliad,12,183
χαλκοπάρῃος,Iliad,17,294
χαλκοπάρῃος,Iliad,20,397
χαλκόπους,Iliad,8,41
χαλκόπους,Iliad,13,23
χαλκότυπος,Iliad,19,25
χαλκοχίτων,Iliad,1,371
χαλκοχίτων,Iliad,2,47
χαλκοχίτων,Iliad,2,163
χαλκοχίτων,Iliad,2,187
χαλκοχίτων,Iliad,2,437
χαλκοχίτων,Iliad,3,127
χαλκοχίτων,Iliad,3,131
χαλκοχίτων,Iliad,3,251
χαλκοχίτων,Iliad,4,199
χαλκοχίτων,Iliad,4,285
χαλκοχίτων,Iliad,4,537
χαλκοχίτων,Iliad,5,180
χαλκοχίτων,Iliad,6,454
χαλκοχίτων,Iliad,7,275
χαλκοχίτων,Iliad,7,444
χαλκοχίτων,Iliad,8,71
χαλκοχίτων,Iliad,10,136
χαλκοχίτων,Iliad,10,287
χαλκοχίτων,Iliad,10,367
χαλκοχίτων,Iliad,12,352
χαλκοχίτων,Iliad,12,354
χαλκοχίτων,Iliad,13,255
χαλκοχίτων,Iliad,13,272
χαλκοχίτων,Iliad,15,56
χαλκοχίτων,Iliad,15,330
χαλκοχίτων,Iliad,17,414
χαλκοχίτων,Iliad,17,485
χαλκοχίτων,Iliad,18,105
χαλκοχίτων,Iliad,23,575
χαλκοχίτων,Iliad,24,225
χαλκοχίτωνες,Iliad,11,694
Χαλκώδων (*),Iliad,2,541
χρυσάμπυξ,Iliad,5,358
χρυσάμπυξ,Iliad,5,363
χρυσάμπυξ,Iliad,5,720
χρυσάμπυξ,Iliad,8,382
χρυσαόρος,Iliad,5,509
χρυσάωρ,Iliad,15,256
χρυσηλάκατος,Iliad,16,182
χρυσηλάκατος,Iliad,20,70
Χρυσόθεμις,Iliad,9,145
Χρυσόθεμις,Iliad,9,287
χρυσόθρονος,Iliad,1,611
χρυσόθρονος,Iliad,9,533
χρυσόθρονος,Iliad,14,153
χρυσόθρονος,Iliad,15,5
χρυσόπτερος,Iliad,8,398
χρυσόπτερος,Iliad,11,185
ψευδάγγελος,Iliad,15,159
ὠκύαλος,Iliad,15,705
ὠκύπους,Iliad,2,383
ὠκύπους,Iliad,5,296
ὠκύπους,Iliad,5,732
ὠκύπους,Iliad,8,123
ὠκύπους,Iliad,8,129
ὠκύπους,Iliad,8,315
ὠκύπους,Iliad,10,535
ὠκύπους,Iliad,10,569
ὠκύπους,Iliad,12,51
ὠκύπους,Iliad,16,368
ὠκύπους,Iliad,23,304
ὠκύπους,Iliad,23,504
ὠκύπτερος,Iliad,13,62
ὠμογέρων,Iliad,23,791
